id,srvdicom,Modalite,adrrIp,mask,passerelle,aet,port,hostname,macadresse,Systeme,Inventaire,divers,datecreat,datemodif,datereforme,serviceid_id,appareilid_id,appareiltypeid_id,etablissementid_id,localisationid_id,marqueid_id,serveurid_id,vlanid_id
1,,DX,172.16.61.10,255.255.255.0,,NEO1011A,104,DXSPED,A0:8C:FD:E7:9B:76,,,ancienne mac:  00:1a:a0:b2:3c:39,,,,,,,,,,,
2,,,172.24.224.11,,,NXCR30,0,,,,,,,,,,,,,,,,
3,,,192.168.210.2,255.255.240.0,,,104,G1004692,B8:AC:6F:19:C9:E4,,2010.04.692,"neuchir 4eme

vu le 09.08.2016
",,,,,,,,,,,
4,,,172.16.60.11,255.255.255.0,,,0,,00:04:5F:94:D1:92,,2023-00696,,,,,,,,,,,,
5,,,172.16.60.12,255.255.255.0,,,0,,00:04:5F:7B:1D:5E,,2023-00700,ancienne 00:04:5F:94:D1:5D   au 01/2023    Romu,,,,,,,,,,,
6,,,172.16.60.13,255.255.255.0,,,0,,00:04:5F:94:D1:4B,,2023-00701,,,,,,,,,,,,
7,,,172.16.60.14,255.255.255.0,,,0,,00:04:5F:96:62:9A,,2023-00699,"

ancienne mac : 00:04:5F:94:D1:CB   29102020  13",,,,,,,,,,,
8,,,172.16.60.15,255.255.255.0,,,0,,00:04:5F:7B:A9:FA,,2023-00697,old mac 00:04:5F:94:D1:63  au 14/2/2023   Romu,,,,,,,,,,,
9,,,172.16.60.16,255.255.255.0,,,0,,00:04:5F:94:D1:8F,,2012-00698,,,,,,,,,,,,
10,,,172.16.60.17,255.255.255.0,,,0,,00:04:5F:94:D1:A0,,2023-00703,,,,,,,,,,,,
11,,,172.16.60.18,255.255.255.0,,,0,,00:04:5F:94:D1:A8,,2023-00704,,,,,,,,,,,,
12,,,172.16.60.19,255.255.255.0,,,0,,00:04:5F:94:D1:A7,,2023-00702,,,,,,,,,,,,
13,,DX,10.208.38.10,255.255.255.0,,IML1013,5040,IML1013,6C:02:E0:62:A0:D9,,,"anciennement : 2C:44:FD:1C:82:60 changée le 09/11/22 remplacée par 6C:02:E0:62:A0:D9

SAV : TROMP Medical",,,,,,,,,,,
14,,DX,10.208.38.11,255.255.255.0,,URG0385,5040,,6C:02:E0:62:A0:1F,,2014-10473,ancienne MAC : 2C:44:FD:16:4C:F5 (remplacée par 6C:02:E0:62:A0:1F 07/11/2022),,,,,,,,,,,
15,,DX,10.208.38.12,255.255.255.0,,URG0395,5040,,6C:02:E0:62:A0:B0,,2014-10494,"ancienne MAC : 2C:44:FD:2A:4A:B7 (changée le 21/11/22)
",,,,,,,,,,,
16,,DX,10.208.38.13,255.255.255.0,,IMA0057,5040,,2C:44:FD:2A:50:1A,,2014-10516,sav : TROMP Medical,,,,,,,,,,,
17,,DX,10.208.38.14,255.255.255.0,,IMA0015B,104,,00:90:FB:47:98:7A,,2012.01.001/08,,,,,,,,,,,,
18,,DX,10.208.38.15,255.255.255.0,,IML1027,104,,00:03:2D:50:A2:78,,,"Ancienne MAC adresse : 00:03:2D:50:A2:70 (changée le 19/10/2023)
Ancienne MAC adresse : 00:90:FB:51:47:16 (changée le 18/10/2023)

AET PACS:  IML1027
AET WL:      IML1027A

sav  NEHS",,,,,,,,,,,
19,,DX,10.208.38.16,255.255.255.0,,IML1027A,5040,,C8:D9:D2:29:09:7B,,,ancienne mac : 68:05:ca:23:79:89 (changée le 24/11/2022),,,,,,,,,,,
20,,CR,10.208.38.17,255.255.255.0,,URG0388,5040,,00:0A:F7:81:01:42,,2003.12.288/00,"ancienne mac  :  00-02-B3-DB-83-6F
ancienne mac:    00:02:B3:DB:4C:EC

00:0A:F7:81:01:42",,,,,,,,,,,
21,,CR,10.208.38.18,255.255.255.0,,IML1045,5040,IML1045,00:1B:21:0F:F9:B2,,,,,,,,,,,,,,
22,,DX,10.208.38.19,255.255.255.0,,IML1027B,104,,F8:B1:56:B0:61:FA,,2014-10453,,,,,,,,,,,,
23,,DX,10.208.38.20,255.255.255.0,,IMA0015A,104,,F8:B1:56:B0:68:61,,2014-10441,,,,,,,,,,,,
24,,,10.208.38.21,255.255.255.0,,IML1045A,5040,,00:01:af:0d:f3:d5,,,C8900,,,,,,,,,,,
25,,,10.208.38.22,255.255.255.0,,URG0388A,5040,,00:01:af:09:d4:d5,,,OS8900,,,,,,,,,,,
26,,,10.208.38.23,255.255.255.0,,CR850,5040,CR850,00:0E:0C:76:1D:A0,,2004.12.431/00,"00:0E:0C:B1:4C:22
00:0E:0C:84:09:91",,,,,,,,,,,
27,,,10.208.38.24,255.255.255.0,,IMA0057A,104,,40:A8:F0:42:2A:92,,,,,,,,,,,,,,
28,,,10.208.38.25,255.255.255.0,,OS5850,5040,,00:02:6b:0c:09:a4,,,,,,,,,,,,,,
29,,,172.16.57.10,255.255.255.0,,,0,ACQEEG01,74:FE:48:59:38:35,,,"00:25:AB:52:AD:D5  ancienne mac...
00:13:3B:9B:EA:EB  ancienne mac...
80:3F:5D:10:47:63  ancienne mac... puis reforme
pour la mise du nouveau 27/04/2021
",,,,,,,,,,,
30,,,172.16.57.11,255.255.255.0,,,0,,00:02:D1:31:1B:AF,,,,,,,,,,,,,,
31,,,172.16.57.12,255.255.255.0,,,0,,00:13:95:16:30:2F,,,,,,,,,,,,,,
32,,,172.16.57.13,,,,0,,,,,,,,,,,,,,,,
33,,,172.16.62.10,255.255.255.0,,MOBILE2,0,G2003881,6C:4B:90:AB:A9:1F,,2020-03881,"anciennement MOBILE3  

vu le 10/08/2016

MOBILE2  suite echange carte mere
ancienne mac : 00:07:32:1a:c6:98",,,,,,,,,,,
34,,,172.16.62.11,255.255.255.0,,,0,,08:2e:5f:ba:e0:ff,,,"
laser N/B dans salle relecture adulte.

vu le 10/08/2016",,,,,,,,,,,
35,,,172.16.62.12,255.255.255.0,,,0,G1406798,a0:36:9f:25:35:79,,2014.06.798,"FIXE1

vu le 10/08/2016",,,,,,,,,,,
36,,,172.16.62.13,255.255.255.0,,,0,G1406807,a0:36:9f:25:35:7c,,2014.06.807,"FIXE2

vu le 10/08/2016",,,,,,,,,,,
37,,,172.16.62.14,255.255.255.0,,,0,B1502583,D8:CB:8A:4A:8D:AF,,2015-02583,"RELECTURE 2

",,,,,,,,,,,
38,,,172.16.62.15,255.255.255.0,,,0,B1803530,94:C6:91:85:E7:3B,,2018-03530,"RELECTURE 1

vu le 10/08/2016

mac ancien PC :  14:fe:b5:ef:f0:f2 (G1004697  2010.04.697)",,,,,,,,,,,
39,,,172.16.62.19,255.255.255.0,,OK le 24/10/2022  Romu,0,B0510079,00:11:09:2d:16:cb,,2005.10.079/01,"dans la salle interpretation adultes

relv2

vu le 10/08/2016",,,,,,,,,,,
40,,,172.16.62.20,255.255.255.0,,reformé  n' existe plus,0,G1109890,00:07:32:1a:01:e0,,2011.09.890,"MOBILE1 

à reformer 
enlever la ligne",,,,,,,,,,,
41,,,172.16.62.21,255.255.255.0,,reformé   n'existe plus,0,G1204356,FF:77:FF:FF:FF:77,,2012.04.356,"MOBILE2 

vu le 10/08/2016

00:07:32:1A:C6:8E  mac adresse changée ????  13

à  reformer  DD HS + carte mere HS  1 carte reseau HS

IP ne sert plus",,,,,,,,,,,
42,,,172.16.62.22,255.255.255.0,,,0,,00:23:ae:1c:6c:25,,2009.11.460,"Ped.
PORTABLE
172.025.112.086

vul le 10.08.2016  à enlever de la bdd
à verifier si reformé",,,,,,,,,,,
43,,,172.16.62.23,255.255.255.0,,,0,,00:40:8C:F5:89:6E,,2014-06803,"
vu le 10/08/2016",,,,,,,,,,,
44,,,172.16.62.24,255.255.255.0,,,0,,00:40:8C:F5:6B:02,,2014-06712,"
vu le 10/08/2016",,,,,,,,,,,
45,,,172.16.62.25,255.255.255.0,,,0,B1421174,F8:B1:56:A4:63:CC,,2014-21174,"KEYPOINT
vu le 10/08/2016",,,,,,,,,,,
46,,,172.16.62.26,255.255.255.0,,,0,G1419751,00:0A:CD:24:B3:3A,,2014-19751,"Nouveau Portable

vu le 10/08/2016",,,,,,,,,,,
47,,,172.16.62.27,255.255.255.0,,,0,SRVEFSNTEMP,14:FE:B5:EF:F2:CD,,,"TAG:  FWXB75J
gramfc 
gramfc",,,,,,,,,,,
48,,,172.16.62.28,255.255.255.0,,,0,g1004694,B8:AC:6F:39:61:22,,2010.04.694,"
vu le 10/08/2016
en cours de changement 19/03/19....  13",,,,,,,,,,,
49,,,172.16.62.29,255.255.255.0,,OK 28-08-19     MOBILE1,0,G1109054,00:07:32:04:32:B3,,2011.09.054,"ACQVID1

vu le 10/08/2016",,,,,,,,,,,
50,,,172.16.160.10,,,,0,G0906606,00:23:Ae:89:76:16,,2005.03.722/00,,,,,,,,,,,,
51,,,172.16.160.11,,,,0,EM3000,00:10:DC:03:77:81,,2008.06.588/00,"dernier param  13/06/2017 OK

changement de la carte réseau de l'appareil le 27/06/22
ancienne mac : 00:10:dc:03:05:88
new mac : 00:10:DC:03:77:81",,,,,,,,,,,
52,,,172.16.160.10-X,,,,0,CSO-PC,c8:2a:14:24:46:78,,2012.12.282/00,,,,,,,,,,,,
53,,,10.8.5.98,,,,0,g1002440, 00-23-AE-96-E0-B,,,,,,,,,,,,,,
54,,,10.8.5.99,,,,0,,9C:93:4E:5F:C7:1B,,,"00:00:AA:AB:0D:C3 ;9C:93:4E:1E:98:AD

172.25.58.136",,,,,,,,,,,
55,,,10.8.5.xx,,,,0,pcboxcons1,00-19-D1-84-24-85,,,,,,,,,,,,,,
56,,,10.8.5.93,,,,0,PCBOXCONS2,00-19-D1-84-24-38,,,,,,,,,,,,,,
57,,,10.8.5.92,,,,0,pcboxcons3,00-19-D1-84-2C-88,,,,,,,,,,,,,,
58,,US,172.16.43.10,255.255.255.0,,URG0400,104,,00-01-29-03-E5-24,,,,,,,,,,,,,,
59,,,172.16.43.11,255.255.255.0,,IML1113,104,,00:01:29:57:15:EF,,,,,,,,,,,,,,
60,,,172.16.43.13,255.255.255.0,,CEA0082,0,,00:01:29:57:14:2B,,,,,,,,,,,,,,
61,,CT,10.208.37.12,255.255.255.0,,URG0413A,4006,,B4:96:91:D8:21:86,7402065,,old  D8:9D:67:F3:0B:33     scan changé le   2/3/2023   13,,,,,,,,,,,
62,,CT,10.208.37.13,255.255.255.0,,IMA0209,4006,CT01,E8:39:35:14:0B:DE,,,REVOLUTION CT  B4:96:91:4A:50:22   mis sur ISE  18/09/19,,,,,,,,,,,
63,,,10.208.37.14,255.255.255.0,,URG0413B,4006,AW02,68:05:CA:23:0D:8B,,,,,,,,,,,,,,
64,,MR,10.208.37.15,255.255.255.0,,IMA0113,4006,MR01,B0:4F:13:14:59:B7,,,,,,,,,,,,,,
65,,,10.208.37.16,255.255.255.0,,,4006,MM3MR01,00:D0:56:C2:8C:E6,,,,,,,,,,,,,,
66,,,10.208.37.17,255.255.255.0,,,0,LAPTOP,F0:1F:AF:57:B8:D0,,,,,,,,,,,,,,
67,,,10.208.37.18,255.255.255.0,,IMA0113A,4006,,68:05:CA:24:9A:9F,,,ADW MR01,,,,,,,,,,,
68,,XA,10.208.37.19,255.255.255.0,,IML1139A,4002,DL01,00:D0:C9:EE:0E:1E,,,,,,,,,,,,,,
69,,,10.208.37.20,255.255.255.0,,IML1139,4006,AW03,D8:9D:67:F4:D9:1F,,2014-17016,,,,,,,,,,,,
70,,,10.208.37.21,255.255.255.0,,,0,ITU,78-59-3E-01-53-B2,,,,,,,,,,,,,,
71,,,10.208.37.22,255.255.255.0,,,0,G0709257,00:1D:60:19:1E:7B,,,,,,,,,,,,,,
72,,,10.208.37.23,255.255.255.0,,,0,G0901477u,00:25:64:5B:95:02,,,,,,,,,,,,,,
73,,,10.208.37.24,255.255.255.0,,IMA0141B,4006,,00:20:CE:E8:6E:FB,,2003.11.031/01,M4160065 AWRB2,,,,,,,,,,,
74,,,10.208.37.25,255.255.255.0,,IMA0045A,4006,,00:15:17:54:74:A1,,2008.06.501/00,G4160010 AWRM01,,,,,,,,,,,
75,,,10.208.37.27,255.255.255.0,,IML1121A,4006,,9C:7B:EF:59:55:81,S4160045,2003.09.383/00,"
",,,,,,,,,,,
76,,,10.208.37.28,255.255.255.0,,IML1101A,4006,,80:E8:2C:C8:91:51,S4160066,2005.01.217/00,"AWRC6

ancienne mac  :00-15-17-68-75-37    23/10/2020  13",,,,,,,,,,,
77,,,10.208.37.29,255.255.255.0,,IML1101B,4006,,80:e8:2c:c7:da:33,S4160077,2006.09.402/00,"AWRC2

ancienne mac :00-15-17-46-dc-e2   18/10/2020     13",,,,,,,,,,,
78,,,10.208.37.30,255.255.255.0,,IMA0005A,4006,,00:15:17:46:DE:7E,,2005.01.217,"Photologie AWRC5

anciene mac 00:0E:0C:5B:53:55  changé le 13/11/2020   13
par une 8004",,,,,,,,,,,
79,,,10.208.37.31,255.255.255.0,,IML1101,4006,,00:1b:21:70:66:6f,S4160091,2011.02.236/00,"AWRC7

ID Console : sdc
mdp console : adw4.7",,,,,,,,,,,
80,,,10.208.37.32,255.255.255.0,,IML1121B,4006,,9c:7b:ef:58:98:49,S4160093,2011.02.237/00,"
ancienne mac : 00:1b:21:77:e5:88   19/10/2020  13",,,,,,,,,,,
81,,,10.208.37.33,255.255.255.0,,IML1101C,4006,,80:E8:2C:CB:D1:E7,M4160078,2006.09.401/00,"AWIRM

ancienne mac 00-15-17-68-71-65    20/10/2020   13",,,,,,,,,,,
82,,,10.208.37.34,255.255.255.0,,IMA0146B,4006,,00-1b-21-2a-e2-2a,M4160091,2009.03.889/00, AWRXA,,,,,,,,,,,
83,,,10.208.37.35,255.255.255.0,,IMA0141C,4006,,80:E8:2C:CB:D1:E5,M4160083,2009.01.430/00," AWRB5

ancienne mac : 00-15-17-46-dc-75    21/10/2020  13",,,,,,,,,,,
84,,,10.208.37.36,255.255.255.0,,IMA0146A,4006,,00-15-17-0d-6c-20,M4160084,2008.11.737/00, AWRB6,,,,,,,,,,,
85,,,10.208.37.37,255.255.255.0,,IMA0084,104,,00:d0:c9:ED:38:1B,,2009.03.814/00,"00:13:95:36:0C:BF siemens pour test 08072020   13
à virer dans 2 jours

D4:5D:64:3F:0A:B0  canon de demo à virer 23092020  13",,,,,,,,,,,
86,,,10.208.37.38,255.255.255.0,,,0,B1414076,44-39-c4-50-e1-43,,,Login NCHU chusud,,,,,,,,,,,
87,,,10.208.37.39,255.255.255.0,,,0,B1414077,44-39-c4-50-e2-19,,,Login NCHU chusud,,,,,,,,,,,
88,,,10.208.37.40,255.255.255.0,,,0,B1414078,44-39-c4-50-e2-17,,,Login NCHU chusud,,,,,,,,,,,
89,,,10.208.37.41,255.255.255.0,,,0,B1414079,44-39-c4-50-e2-18,,,Login NCHU chusud,,,,,,,,,,,
90,,,10.208.37.42,255.255.255.0,,,0,B1414080,44-39-c4-50-e1-ec,,,Login NCHU chusud,,,,,,,,,,,
91,,,10.208.37.43,255.255.255.0,,,0,B1414081,44-39-c4-50-e3-41,,,login NCHU chusud,,,,,,,,,,,
92,,,10.208.37.44,255.255.255.0,,,0,B1414082,44-39-c4-50-e2-1c,,,login NCHU chusud,,,,,,,,,,,
93,,,10.208.37.46,255.255.255.0,,,0,HPSERVEUR2,00-1b-21-7f-e6-2b,,2011.02.606/00,Login NCHU chusud,,,,,,,,,,,
94,,,10.208.37.47,255.255.255.0,,,0,HPSERVEUR3,00-1b-21-7f-e6-2d,,,Login NCHU chusud,,,,,,,,,,,
95,,,10.208.37.48,255.255.255.0,,,0,HPSERVEUR4,00-1b-21-81-6b-c2,,,Login NCHU chusud,,,,,,,,,,,
96,,,10.208.37.49,255.255.255.0,,aws,4006,,F0:92:1C:07:1C:10,6863195,,"AWS Imagerie

172.16.19.3

60-eb-69-3e-92-c6  ancien serveur",,,,,,,,,,,
97,,,10.208.37.50,255.255.255.0,,IMA0146C,4006,AW01,68:05:CA:23:0A:6B,,,,,,,,,,,,,,
98,,,10.208.37.51,255.255.255.0,,,0,,F0:1F:AF:3F:EC:9E,,,,,,,,,,,,,,
99,,US,10.208.37.52,255.255.255.0,,VIVIDE95-071519,104,,00:20:CE:FF:71:DC,US88634226,2020-05080,"N° Syst : US88634209
communique avec le PC echopac 10.39.5.45 
( remote archive / remote HD )
le  30/08/2017    13

salle 3  
ancienne mac :00-d0-c9-d6-6d-4b  22/07/2020  13
vieux :2009.06.908
00:0B:AB:59:10:ED ???",,,,,,,,,,,
100,,,10.208.37.53,255.255.255.0,,,0,F3VF0315S,00-00-50-05-63-CC,,,,,,,,,,,,,,
101,,,10.208.37.54,255.255.255.0,,IML1141,4002,DL02,00-D0-C9-EE-11-2C,,2014-17031,,,,,,,,,,,,
102,,,10.208.37.55,255.255.255.0,,,0,ITU,78-59-3E-01-4C-2A,,,,,,,,,,,,,,
103,,,10.208.37.56,255.255.255.0,,IML1141A,4006,AW04,D8:9D:67:F4:72:95,,,,,,,,,,,,,,
104,,CT,10.208.37.57,255.255.255.0,,IML1056A,4006,SCAN_3_R1,6C:FE:54:3E:13:36,7401991,,"ancienne mac :  00:1F:29:60:EC:17     le 10/10/2017
et :A0:8C:FD:E0:96:5D  le 16/11/2022


ancienne AET : IML1056  pour différentier les machines",,,,,,,,,,,
105,,,10.208.37.58,255.255.255.0,,,0,,00:D0:C9:EE:42:FD,S41600101,,,,,,,,,,,,,
106,,,10.208.37.59,255.255.255.0,,IML1137A,4006,,50:7C:6F:09:29:2C,S41600119,2014-17736,"ancienne mac : 2c:27:d7:f0:c9:3518/10/2022   13
console salle hybryde IML1137A

S41600106",,,,,,,,,,,
107,,,10.208.37.60,255.255.255.1,,,0,,D0:72:DC:64:10:39,,,,,,,,,,,,,,
108,,,10.208.37.61,255.255.255.0,,,0,,78:59:3E:01:61:DC,,,,,,,,,,,,,,
109,,,10.208.37.62,255.255.255.0,,,0,,D0:72:DC:DE:E9:F9,,,,,,,,,,,,,,
110,,,10.208.37.63,255.255.255.0,,,0,,B0:FA:EB:08:50:CA,,,,,,,,,,,,,,
111,,,10.208.37.64,255.255.255.0,,,0,,00:D0:B8:0F:D9:A8,,,"n' existe plus
9/4/19  par 13",,,,,,,,,,,
112,,,10.208.37.65,255.255.255.0,,LOGIQE9,0,,00:0B:AB:56:7E:27,,17/03/2015,,,,,,,,,,,,
113,,,10.208.37.66,255.255.255.0,,IMA0145,4006,,00:15:17:0D:6C:1D,S4160078,2006.09.401/01,"AWRC5
80:E8:2C:CB:D2:0B  nouvelle console 06/10/2020   13",,,,,,,,,,,
114,,,10.208.37.120,255.255.255.0,,-%VE8C-%,104,,00:E0:F4:22:22:42,,,"mac: 00-0B-AB-DF-5C-67 voluson E10 de demo 11/12/17
pas sur le reseau depuis 22/06/2018
ancien de gyneco
a corriger :  la localisation    13",,,,,,,,,,,
115,,CT,10.208.37.68,255.255.255.0,,ASCEND1990,4006,SCAN_4_R1,80:E8:2C:E4:E4:33,7401990,,"
IML1063 : 00:0E:0C:7F:D7:5C  viré le 06/10/2022  13",,,,,,,,,,,
116,,,10.208.37.69,255.255.255.0,,,0,,00:0B:AB:43:6B:7B,,,"AET à changer
echo plus en Gyneco Obs.
21.06.2021  13",,,,,,,,,,,
117,,,10.208.37.70,255.255.255.0,,IML1140,4002,,00:80:42:26:15:94,,,,,,,,,,,,,,
118,,,10.208.37.71,255.255.255.0,,IML1140A,104,,00:0D:56:C4:0B:AE,,,,,,,,,,,,,,
119,,,10.208.37.72,255.255.255.0,,,0,Hybride,2C:44:FD:12:14:49,,,,,,,,,,,,,,
120,,,10.208.37.73,255.255.255.0,,IMA0037,0,,00:14:4f:c3:49:b0,,,"ancienne mac : 00:14:4f:a1:a7:36       3/3/2018

va disparaitre fin 2021 !!!    13",,,,,,,,,,,
121,,,10.208.37.80,255.255.255.0,,IMA0045B,4006,,00:15:17:68:6D:D7,,2008.06.611/00,G41600008 AWRM02,,,,,,,,,,,
122,,,10.208.37.81,255.255.255.0,,IMA0070,0,,3C:D9:2B:76:CF:5B,,2012.01.001/08,,,,,,,,,,,,
123,,,10.208.37.82,255.255.255.0,,IML1150A,104,,00:0D:9D:FF:10:F6,,,,,,,,,,,,,,
124,,,10.208.37.83,255.255.255.0,,IMA0063,4010,,00:1C:C4:17:5D:0B,,,"a été rzmplacé par l' EOS
n 'existe plus !!!",,,,,,,,,,,
125,,MR,10.208.37.84,255.255.255.0,,IML1073X,4006,,B0:4F:13:16:34:0D,S41600123,,"ancienne mac: 00:0A:F7:40:87:41  le 25/10/2022   romu

",,,,,,,,,,,
126,,,10.208.37.85,255.255.255.0,,,0,,00:D0:56:C2:8E:F5,,,,,,,,,,,,,,
127,,,10.208.37.86,255.255.255.0,,IMA0146D,4006,,9C:7B:EF:58:98:17,M4160091,," AWRB4

00:15:17:46:de:7e  ancienne 02102020   13
",,,,,,,,,,,
128,,,10.208.37.87,255.255.255.0,,IMA0069C,4006,,00:07:E9:1A:D6:70,M4160065,,AWRB7,,,,,,,,,,,
129,,,10.208.37.88,255.255.255.0,,AWREC2,4006,,00:15:17:68:75:37,,,"ancienne mac 00:07:E9:1F:85:36  au 27/09/2021  13
",,,,,,,,,,,
130,,,10.208.37.89,255.255.255.0,,AWREC,4006,,00:15:17:57:7B:6D,,,Mr Balledent + Bouzerar,,,,,,,,,,,
131,,,10.208.37.90,255.255.255.0,,,0,B1500812,6C:0B:84:07:76:EE,B1500812,,,,,,,,,,,,,
132,,,10.208.37.91,255.255.255.0,,,0,B1500813,6C:0B:84:07:77:51,B1500813,,,,,,,,,,,,,
133,,,10.208.37.92,255.255.255.0,,,0,ECHOPAC7-002485,00:15:60:A2:19:F7,,,,,,,,,,,,,,
134,,,10.208.37.93,255.255.255.0,,,0,N1800534,98:29:A6:86:0C:DF,,," N1405686 ???   03/07/2020  13
mac :  54:EE:75:07:B3:0E   ??",,,,,,,,,,,
135,,,10.208.37.94,255.255.255.0,,,0,,00:E0:4B:4A:71:45,,,,,,,,,,,,,,
136,,,10.208.37.95,255.255.255.0,,,0,B1414084,44:39:C4:50:E2:1B,,01/06/2015,Login NCHU chusud,,,,,,,,,,,
137,,,10.208.37.96,255.255.255.0,,,0,,00:E0:4B:4D:31:2F,,30/06/2015,,,,,,,,,,,,
138,,US,10.8.5.55,,,VE8C,104,G1002360,00:25:64:A7:2C:7F,,,,,,,,,,,,,,
139,,,10.8.5.58,255.255.255.0,,CEF0031,104,G1363750,d4:3d:7e:d5:34:88,,,,,,,,,,,,,,
140,,,0.0.0.0,DHCP,,,104,HPSERVEUR1,00-1b-21-81-6b-ca,,25/06/2015,Login NCHU chusud,,,,,,,,,,,
141,,,172.16.55.10,255.255.255.0,,,0,Given-PC,b8:ca:3a:b1:79:06,,,,,,,,,,,,,,
142,,,172.16.69.10,255.255.255.0,,,0,1043,00:50:c2:14:97:e1,,2014-04979,172.232.5.201,,,,,,,,,,,
143,,,172.16.69.11,255.255.255.0,,,0,,00:01:80:76:32:c9,,,172.232.5.200,,,,,,,,,,,
144,,,0.0.0.0,,,,0,1315,00-25-64-a9-82-3a,,2007.07.301/00,10.232.5.176,,,,,,,,,,,
145,,,0.0.0.0,,,,0,,b8-ac-6f-4d-aa-03,,2007.07.295/00,10.235.5.12,,,,,,,,,,,
146,,,172.16.161.11,DHCP,,,0,SPECTRALIS-HRA,74:D4:35:E9:A1:0F,,,"anciien :   00:18:F3:E0:62:78  ??


",,,,,,,,,,,
147,,US,172.16.66.10,255.255.255.0,,IMA0039,104,EUB-8500,00:00:50:0E:F3:99,,,,,,,,,,,,,,
148,,SC,172.16.169.10,255.255.255.0,,BOL1048,8007,SMS-BOL1048,90-31-CD-00-07-B7,,,,,,,,,,,,,,
149,,SC,172.16.169.11,255.255.255.0,,BOL1036,8007,SMS-BOL1036,90:31:CD:00:07:1F,,,,,,,,,,,,,,
150,,SC,172.16.169.12,255.255.255.0,,BOL1114,8007,SMS-BOL1114,90-31-CD-00-07-15,,,,,,,,,,,,,,
151,,SC,172.16.169.13,255.255.255.0,,BOL1103,8007,SMS-BOL1103,90-31-CD-00-07-29,,,,,,,,,,,,,,
152,,SC,172.16.169.14,255.255.255.0,,BOA2043,8007,SMS-BOA2043,90-31-CD-00-07-2B,,,,,,,,,,,,,,
153,,SC,172.16.169.15,255.255.255.0,,BOA2044,8007,SMS-BOA2044,90-31-CD-00-07-17,,,,,,,,,,,,,,
154,,SC,172.16.169.16,255.255.255.0,,BOA2037,8007,SMS-BOA2037,90-31-CD-00-07-23,,,,,,,,,,,,,,
155,,SC,172.16.169.17,255.255.255.0,,BOA2041,8007,SMS-BOA2041,90-31-CD-00-07-27,,,,,,,,,,,,,,
156,,,172.16.51.10,255.255.255.0,,,0,,00:0C:46:53:47:12,,,,,,,,,,,,,,
157,,,172.16.51.11,255.255.255.0,,,0,,00:30:84:6F:B9:34,,,,,,,,,,,,,,
158,,,172.16.51.12,255.255.255.0,,,0,B2104236,70:B5:E8:30:12:7D,,2021-04236,"ancienne mac :  00:21:9B:80:3D:20  2/7/2021   13
ancien PC  :   2014-22734",,,,,,,,,,,
159,,,172.16.51.13,255.255.255.0,,,0,,00:0D:56:1E:8B:DD,,,,,,,,,,,,,,
160,,,172.16.51.14,255.255.255.0,,,0,,00:30:84:6F:B9:C0,,,,,,,,,,,,,,
161,,,172.16.51.15,255.255.255.0,,Compte :1981boxcons1,0,B1422731,34:17:eb:d8:83:07,,,,,,,,,,,,,,
162,,,172.16.51.17,255.255.255.0,,Compte :1981boxcons1,0,B2202844,C0:25:A5:7B:5B:43,,2022-02844,"sans authant



old : B1500111   34:17:EB:A0:64:F4  13",,,,,,,,,,,
163,,,172.16.53.10,255.255.255.0,,REFORME,0,F3VF0315S,00:00:50:05:63:CC,,,reformé le 11/06/2018      13,,,,,,,,,,,
164,,,172.16.52.10,255.255.255.0,,,0,morphee,,,,"Serveur MORPHEE  SQL
",,,,,,,,,,,
165,,,172.16.52.20,255.255.255.0,,,0,medatec_rel_1,DC:4A:3E:50:C9:42,,,relecture poste Mme Basille,,,,,,,,,,,
166,,,,255.255.255.0,,,0,medatec_rel_2,DC:4A:3E:50:B9:8D,,,radio_medatech,,,,,,,,,,,
167,,,172.16.52.22,255.255.255.0,,,0,medatec_rel_3,DC:4A:3E:50:C8:E7,,,radio_medatech,,,,,,,,,,,
168,,,172.16.52.23,255.255.255.0,,,0,medatec_acq_4,DC:4A:3E:54:90:C8,,2017-06641,"radio_medatech
6135acquis
HS-STV-E2-007-H1  port 3 à 8",,,,,,,,,,,
169,,,172.16.52.24,255.255.255.0,,,0,medatec_acq_3,DC:4A:3E:4B:C9:0B,,2017-06640,"radio_medatech
6135acquis
HS-STV-E2-007-H1  port 3 à 8

C8:D3:FF:3C:CE:6F  temporaire suite echange cause panne le 01102019   13

DC:4A:3E:54:90:D2 mac du pc de pret",,,,,,,,,,,
170,,,172.16.168.10,255.255.255.0,,ARCHINIRM,104,,64:00:6A:93:98:16,MEDID:  001-000997,2017-06857,"cle licence :  2663574502


ancienne mac: 18:03:73:C2:DD:09
ancien inventaire :  2012.05.850/00

ancienne mac au 03/12/21 : D8:9E:F3:0B:1E:EA",,,,,,,,,,,
171,,,172.16.168.11,255.255.255.0,,ARCHIN,104,,64:00:6A:93:9E:C7,MEDID:  001-000995,2017-06859,"cle licence:  3354335408


ancienne mac:      00:1c:c0:ef:a1:58
et D8:9E:F3:0B:1B:FA
48:4D:7E:D9:A0:0D  au 24/01/2023
ancien inventaire  2010.07.051/00",,,,,,,,,,,
172,,,172.16.168.12,255.255.255.0,,ARCHIS,104,,D8:9E:F3:0B:1C:2F,MEDID:  001-000994,2017-06860,"
cle licence : 143288552


ancienne mac:        00-1c-c0-4d-90-3f
ancien inventaire :  2009.07.216/00",,,,,,,,,,,
173,,,172.16.168.13,255.255.255.0,,ARCHISD,104,,D8:9E:F3:0B:1D:AE,MEDID:  001-000996,2017-06858,"cle licence:  4111942056


ancienne mac:       bc-30-5b-b8-8c-a1
ancien inventaire :  2011.08.079/00",,,,,,,,,,,
174,,,172.16.47.10,255.255.255.0,,IQSERVER,104,,8C:EC:4B:F5:EE:67,,,"derniere intervention :19/06/19   13

Q/R
ancienne2:  28:F1:0E:17:AF:9D
ancienne 1  F0-4D-A2-C6-1B-80
34:E6:D7:37:07:E9",,,,,,,,,,,
175,,,172.16.47.11,255.255.255.0,,,0,B1500814,6C:0B:84:07:7D:A0,,,,,,,,,,,,,,
176,,,1.1.1.1,,,SPINE1,0,,,,,,,,,,,,,,,,
177,,,172.16.46.10,255.255.255.0,,BOA2043C,104,Oarm,68:05:CA:3D:E4:23,,,"ancienne mac: 68:05:ca:29:e7:1f au 20/04/2016

",,,,,,,,,,,
178,,,172.16.46.11,255.255.255.0,,BOA2043A,104,,00:0c:f1:e3:51:18,,,,,,,,,,,,,,
179,,,172.16.46.12,255.255.255.0,,BOA2043B,104,,00:19:0f:01:54:c5,,,,,,,,,,,,,,
180,,,172.16.46.13,255.255.255.0,,BOA2043D,104,Station Planning,00:19:0f:1e:8f:17,,,,,,,,,,,,,,
181,,,172.16.46.14,255.255.255.0,,BOA2043E,104,S7 bloc,00:19:0f:1e:e5:53,,2015-02941,,,,,,,,,,,,
182,,,172.16.165.11,,,,0,Moniteur0839,14:B3:1F:2B:CC:C8,,,"ancienne mac : c8:1f:66:b2:a9:ac
login/mdp acces reseau:   metrovision_smb /   =1N5DC9:T  
login/mdp session :    metrovision/mv
",,,,,,,,,,,
183,,,172.16.165.10,,,,0,Moniteur0808,14:B3:1F:2C:14:E0,,,"ancienne mac: c8:1f:66:b2:a9:b1     Moniteur0839
login/mdp acces reseau:   metrovision_smb /   =1N5DC9:T  
login/mdp session :    metrovision/mv",,,,,,,,,,,
184,,,172.16.63.10,255.255.255.0,,,0,g1201318,e8-39-35-46-88-87,,2012.01.318/01,"\\srvfichiers 172.23.102.21
172.025.112.076 Adulte Acq

poste acquisition 

vu le 23/08/2016",,,,,,,,,,,
185,,,172.16.63.11,255.255.255.0,,OK le 24/10/2022  Romu,0,n1201316,2C:41:38:02:61:10,,2012.01.316/01,"\srvfichiers 172.23.102.21
172.025.112.079 Adulte Acq

HP PROBOOK

vu le 23/08/2016",,,,,,,,,,,
186,,,172.16.63.12,255.255.255.0,,OK le 24/10/2022  Romu,0,G1201320,2C:41:38:9C:F1:4B,,2012.01.320/01,"
2c-41-38-9c-f1-4b ???",,,,,,,,,,,
187,,,172.16.63.13,255.255.255.0,,OK le 24/10/2022  Romu,0,g1409971,2c:44:fd:23:6f:06,,2014-09971,"

",,,,,,,,,,,
188,,,172.16.63.14,255.255.255.0,,OK le 24/10/2022  Romu,0,g1201319,e8-39-35-54-dc-67,,2012.01.319/01,"\srvfichiers 172.23.102.21
172.025.112.099 ADULTE

poste acquisition

vu le 23/08/2016",,,,,,,,,,,
189,,,172.16.63.15,255.255.255.0,,,0,g1201322,3c-d9-2b-65-93-19,,2012.04.322,"\srvfichiers 172.23.102.21
Relecture ADULTE relecture pri

poste  relecture

vu le 23/08/2016",,,,,,,,,,,
190,,,172.16.63.16,255.255.255.0,,,0,G0711181,00-1b-78-87-9e-d3,,2007.11.181/10,"!!  WIN XP !!

\srvfichiers 172.23.102.21
172.025.112.107 relecture_ped",,,,,,,,,,,
191,,,172.16.63.17,255.255.255.0,,,0,G0711181,00-1b-78-87-9e-e3,,2007.11.181/01,"\srvfichiers 172.23.102.21
172.025.112.108 Pediatrie 1 Ne",,,,,,,,,,,
192,,,172.16.63.18,255.255.255.0,,reforme à faire RK le 24/10/22,0,B0711177,00-1b-78-87-9e-e2,,2007.11.177./10,"\srvfichiers 172.23.102.21
172.025.112.109 Centrale rel l

poste relecture

vu le 23/08/2016",,,,,,,,,,,
193,,,172.16.63.19,255.255.255.0,,,0,B1102277,B8:AC:6F:2A:52:29,,2010.08.347,"\srvfichiers 172.23.102.21
ancien  AcquiFontenoy
ancienne mac: 00-1b-78-88-1a-4b
ANCIEN service TAG: DW7BV4J

vu le 20/09/2016   echange PC
service TAG: 6W7BV4J  OPTIPLEX 780

",,,,,,,,,,,
194,,,172.16.63.20,255.255.255.0,,,0,B001248,00-19-d1-f8-94-7e,,2008.02.604,"\srvfichiers 172.23.102.21
172.025.112.11 EFSN adult

acquisition

vu le 23/08/2016",,,,,,,,,,,
195,,,172.16.63.21,255.255.255.0,,,0,G0802605,00:19:d1:f8:8f:64,,2008.02.605,"noté aussi B001249

vu le 10.08.2016

actuellement aux EFSN Adultes   ESN+1027
05/11/2017  13",,,,,,,,,,,
196,,,172.16.63.22,255.255.255.0,,OK le 24/10/2022  Romu,0,B2007102,84:A9:3E:77:33:63,, 2020-07102,"\srvfichiers 172.23.102.21
172.025.112.116 ADULTE

poste acquisition EMG
vu le 23/08/2016

old mac : 2c:41:38:02:70:8e  old inv : 2012.01.313/01
echange portable  le   22/07/2020  13",,,,,,,,,,,
197,,,172.16.63.23,255.255.255.0,,,0,g1201326,08-2e-5f-26-5d-01,,-,"\srvfichiers 172.23.102.21
172.025.112.124 EFSN Pediatriq",,,,,,,,,,,
198,,,172.16.63.24,255.255.255.0,,,0,g1201324,3c-d9-2b-65-91-e4,,2012.01.324,"\srvfichiers 172.23.102.21

poste relecture

vu le 23/08/2016",,,,,,,,,,,
199,,,172.16.63.25,255.255.255.0,,,0,g1201315,64-31-50-14-93-43,,2012.01.315/01,"\srvfichiers 172.23.102.21
10.134.5.130 labo sommeil

HP PROBOOK

ESN+1046

vu le 23/08/2016",,,,,,,,,,,
200,,,172.16.63.26,255.255.255.0,,,0,B1400160,44-8A-5B-04-1B-9C,B1400160,2014-00160,"\srvfichiers 172.23.102.21
10.134.5.63 labo sommeil",,,,,,,,,,,
201,,,172.16.63.27,255.255.255.0,,OK le 24/10/2022  Romu,0,G1409963,2C:44:FD:22:E7:03,,2014-09963,basé en ESN+1046,,,,,,,,,,,
202,,,172.16.63.28,255.255.255.0,,,0,,FC:F1:52:3A:51:8E,,,\srvfichiers 172.23.102.21,,,,,,,,,,,
203,,,172.16.63.29,255.255.255.0,,,0,Micromed-SQL,3C:D9:2B:65:93:1C,,,\srvfichiers 172.23.102.21,,,,,,,,,,,
204,,,10.7.5.26,,,,0,B1363747,44:8A:5B:02:72:31,,,\signac 10.200.4.118,,,,,,,,,,,
205,,,10.24.5.25,,,,0,B1363746,44:8A:5B:02:71:1F,,,\signac 10.200.4.118,,,,,,,,,,,
206,,,10.7.5.24,,,,0,B1363745,44:8A:5B:02:72:0F,,,\signac 10.200.4.118,,,,,,,,,,,
207,,,10.49.5.24,,,,0,B1363744,D4:3D:7E:D5:34:76,,,\signac 10.200.4.118,,,,,,,,,,,
208,,,10.24.5.36,,,,0,B1363743,44:8A:5B:02:6F:90,,,\signac 10.200.4.118,,,,,,,,,,,
209,,,10.24.5.17,,,,0,B1363742,D4:3D:7E:D5:34:79,,,\signac 10.200.4.118,,,,,,,,,,,
210,,,10.7.5.31,,,,0,B1363741,44:8A:5B:02:70:9B,,,\signac 10.200.4.118,,,,,,,,,,,
211,,,0.0.0.0,,,,0,B1363740,44:8A:5B:02:72:9C,,,\signac 10.200.4.118,,,,,,,,,,,
212,,,172.16.49.12,255.255.255.0,,,0,,00:23:AE:97:42:73,,,,,,,,,,,,,,
213,,,172.16.49.10,255.255.255.0,,,0,ECG1_Term8,00-a0-9a-01-5f-88,,2006.07.179/00,172.25.88.11,,,,,,,,,,,
214,,,172.16.49.11,255.255.255.0,,,0,ECG2_Term7,00-a0-9a-01-61-17,,2007.09.380/00,172.25.90.2,,,,,,,,,,,
215,,,10.208.36.10,255.255.255.0,,DSTORAGE,104,PACSFAIREFACE,,,,Serveur MDC,,,,,,,,,,,
216,,,10.208.36.11,255.255.255.0,,,0,,,,,"Serveur Archive MDC
PACS BACKUP ?",,,,,,,,,,,
217,,,10.208.36.12,255.255.255.0,,,0,,,,,Serveur Backup MDC,,,,,,,,,,,
218,,,10.208.36.13,255.255.255.0,,ACHIEVA,104,,80:E8:2C:EC:82:9F,,,"Serveur d'application ISP

",,,,,,,,,,,
219,,,10.208.36.14,255.255.255.0,,ISP1,104,ISP1,,,,"DellTag: GYS63Y1

serveur images
fait office de console",,,,,,,,,,,
220,,,10.208.36.15,255.255.255.0,,DynaSuite,1602,DynaSuite,,,,Consoles clients ISP  ?,,,,,,,,,,,
221,,,10.208.36.16,255.255.255.0,,,104,ISPCLIENT1-PC,F8:B1:56:9C:AA:78,,,"en cours 19/12/2017  13


AET  :  philips ????",,,,,,,,,,,
222,,,10.208.36.17,255.255.255.0,,,0,,,,,,,,,,,,,,,,
223,,,10.208.36.30,255.255.255.0,,,0,AMBROISE,00:22:64:04:80:D6,,,AMBROISE,,,,,,,,,,,
224,,,10.208.36.32,255.255.255.0,,,0,FURNAS,,,,,,,,,,,,,,,
225,,,10.208.36.33,255.255.255.0,,,0,ETNA,,,,,,,,,,,,,,,
226,,,10.208.36.34,255.255.255.0,,,0,GYALI,,,,,,,,,,,,,,,
227,,,10.208.36.35,255.255.255.0,,,0,HEKLA,,,,,,,,,,,,,,,
228,,,10.208.36.36,255.255.255.0,,,0,KATLA,,,,,,,,,,,,,,,
229,,,10.208.36.37,255.255.255.0,,,0,VULSINI,,,,,,,,,,,,,,,
230,,,10.208.36.40,255.255.255.0,,,0,B1404224,fc:4d:d4:d5:61:72,,2014-04224,"GPO IEEE 802.1X   OK    le 15/06/2016

salle2
DHCP sur le reseau PCFixe_Std",,,,,,,,,,,
231,,,10.208.36.41,255.255.255.0,,,0,B1404222,fc:4d:d4:d5:5f:84,,2014-04222,"GPO IEEE 802.1X    OK    le 12/05/2016

salle 5
DHCP sur le reseau PCFixe_Std",,,,,,,,,,,
232,,,10.208.36.42,255.255.255.0,,,0,,fc:4d:d4:d5:61:0b,,,,,,,,,,,,,,
233,,,10.208.36.43,255.255.255.0,,,0,B1404223,fc:4d:d4:d5:60:fa,,2014-04223,"salle 1

DHCP sur le reseau PCFixe_Std",,,,,,,,,,,
234,,US,10.208.36.44,255.255.255.0,,IMA1111A,104,HD11,00:13:20:57:91:17,,,172.23.73.52;Radio,,,,,,,,,,,
235,,US,10.208.36.45,255.255.255.0,,IE33S,104,IE33,00:D0:68:0B:C8:63,,,"remplacé par EPIQ7
",,,,,,,,,,,
236,,US,10.208.36.46,255.255.255.0,,CEA0026,104,EPIQ5,00:25:90:DB:49:4C,,2014-17507,salle 1,,,,,,,,,,,
237,,US,10.208.36.47,255.255.255.0,,CEA0041,104,EPIQ5,00:25:90:DB:49:22,,2014-17505,salle 4,,,,,,,,,,,
238,,US,10.208.36.48,255.255.255.0,,EPIQSCC,104,EPIQ7,00:19:0F:2F:AA:4F,,2014-03924,"00:25:90:DA:05:E2  ancienne mac
00:19:0F:28:0F:7F MAJ le 6/6/2016  par 13

00:19:0F:2F:AA:4F   MAJ le 27/09/2017  par 13

salle 2",,,,,,,,,,,
239,,US,10.208.36.49,255.255.255.0,,HCC5502,0,Cx50,,,,,,,,,,,,,,,
240,,,10.208.36.50,255.255.255.0,,,0,Qlab,00:0B:DB:8B:56:02,,,,,,,,,,,,,,
241,,,10.208.36.51,255.255.255.0,,CEF0173,0,122.99.9.54,00:04:5F:79:60:1B,93620767,2021-07618,"EFCR PED.
Ancienne mac (au 19-10-21) : 00:d0:68:14:87:81",,,,,,,,,,,
242,,,10.208.36.52,255.255.255.0,,CEF0172,0,172.31.180.132,00:d0:c9:cc:44:f6,,2012.01.516/00,EFCR PED.,,,,,,,,,,,
243,,,10.208.36.53,255.255.255.0,,,0,TADAE1009297,00:90:E8:3F:2A:28,,,,,,,,,,,,,,
244,,,10.208.36.54,255.255.255.0,,,0,TADAE1009331,00:90:E8:3F:2A:4A,,,,,,,,,,,,,,
245,,,10.208.36.56,255.255.255.0,,,0,TADAE1009306,00:90:E8:3F:2A:31,,,,,,,,,,,,,,
246,,,10.208.36.57,255.255.255.0,,CEA0056,104,EPIQ5G,00:04:5F:9E:3B:92,735578338,2017-05079,"42080
",,,,,,,,,,,
247,,,10.208.36.58,255.255.255.0,,PCREleva02,3010,,00:16:41:ec:74:ef,,,CH nord     13 le 9/112/2020,,,,,,,,,,,
248,,,10.208.36.59,255.255.255.0,,,0,,00:C0:2D:11:11:28,,,,,,,,,,,,,,
249,,,10.208.36.60,255.255.255.0,,,0,,c0:00:06:2d:7f:14,,,,,,,,,,,,,,
250,,,10.208.36.61,255.255.255.0,,PCREleva04,3010,,A0:8C:FD:CE:2C:97,,,ancienne mac :  00:16:41:ec:73:d5,,,,,,,,,,,
251,,,10.208.36.62,255.255.255.0,,,0,G1421927,34:17:eb:b8:6a:3d,,2014-21927,"42144

salle 4
DHCP sur le reseau PCFixe_Std",,,,,,,,,,,
252,,,10.208.36.63,255.255.255.0,,,0,G1421926,34:17:eb:b8:59:df,,2014-21926,"42144

salle PC technique echo
DHCP sur le reseau PCFixe_Std",,,,,,,,,,,
253,,,10.208.36.64,255.255.255.0,,,104,B1404215,FC:4D:D4:D5:60:FE,,2014-04215,"USIC

DHCP sur le reseau PCFixe_Std",,,,,,,,,,,
254,,,10.208.36.65,255.255.255.0,,CX50VASC5074,104,,00:90:FB:73:C7:09,91382345,2022-11524,"serie : SG42105074


42080

old AET : HSCCV1
old mac : 00:00:50:B7:03:95",,,,,,,,,,,
255,,,10.208.36.66,255.255.255.0,,DX50SAUV1,104,,28:B9:D9:08:1B:9E,,2015-02307,"impression sur le copieur KONICA MINOLTA  biz

ancienne mac : 00:00:50:F1:C3:16

28:B9:D9:08:1B:9E",,,,,,,,,,,
256,,,172.16.212.25,255.255.255.0,,IML1121C,104,g1004696,14:FE:B5:EF:EB:A4,,,"ancienne IP 10.251.1.10
",,,,,,,,,,,
257,,,172.16.64.10,255.255.255.0,,a supprimer,104,PIGENCHU2,f8:b1:56:a6:8b:11,,,a supprimer,,,,,,,,,,,
258,,,172.16.64.11,255.255.255.0,,a supprimer,104,PIGENORD,f8:b1:56:a6:8b:5b,,,,,,,,,,,,,,
259,,,172.16.64.12,255.255.255.0,,a supprimer,0,7800_SCAN_NORD,9c:93:4e:00:ec:e6,,,,,,,,,,,,,,
260,,,172.16.64.13,255.255.255.0,,a supprimer,0,8570_ECHO_NORD,9c-93-4e-2d-6b-9f,,,,,,,,,,,,,,
261,,,172.23.16.201,255.255.248.0,,,0,8570_TEP_SUD,9c:93:4e:2d:6b:80,,,172.16.64.14 ??,,,,,,,,,,,
262,,,172.23.16.234,255.255.248.0,,,0,8570_MEDNUC_SUD,1c:7d:22:27:9f:c7,,,ancienne mac 9c:93:4e:2d:65:46  du 03/10/82018,,,,,,,,,,,
263,,,172.16.64.16,255.255.255.0,,a supprimer,0,7800_IRM-SCAN_SUD,9c:93:4e:00:eb:fa,,,,,,,,,,,,,,
264,,,172.16.64.17,255.255.255.0,,a supprimer,0,8570_ECHO_SUD,9c:93:4e:86:b1:86,,,ancienne mac   9c:93:4e:1e:7e:ba        le 14/3/17  par 13,,,,,,,,,,,
265,,,172.16.64.18,255.255.255.0,,a supprimer,104,PIGENCHU1,34:17:eb:bc:23:ec,,,,,,,,,,,,,,
266,,,172.16.64.19,255.255.255.0,,a supprimer,0,8570_CCV,9c:93:4E:54:A2:08,,,,,,,,,,,,,,
267,,,172.16.64.20,255.255.255.0,,a supprimer,0,8570_URG,9C:93:4E:54:A1:04,,,,,,,,,,,,,,
268,,,172.16.64.21,255.255.255.0,,a supprimer,0,8570_ECHO_1,9C:93:4E:54:A2:BF,,,mamo,,,,,,,,,,,
269,,,172.16.64.22,255.255.255.0,,a supprimer,0,7800_AMBU,9C:93:4E:00:EF:19,,,,,,,,,,,,,,
270,,,172.16.64.23,255.255.255.0,,a supprimer,0,7800_CONSULT,9C:93:4E:00:ED:13,,,,,,,,,,,,,,
271,,,172.16.64.24,255.255.255.0,,a supprimer,0,7800_HOSPI,9C:93:4E:00:EB:AC,,,,,,,,,,,,,,
272,,,172.23.73.14,255.255.255.192,,,0,8570_IRM_FONTENOY,9C:93:4E:2D:81:3C,,,,,,,,,,,,,,
273,,,172.16.163.11,,,,0,TOUCH-PC,00:50:08:05:af:4d,,2012.08.270/00,"\signac 10.200.4.118



n' existe plus !",,,,,,,,,,,
274,,,172.16.164.10,,,,0, PENTACAM-HP,e8-40-f2-5f-6f-34,,2012.10.313/00,10.232.5.12,,,,,,,,,,,
275,,,0.0.0.0,,,,0,HRA2.PWS234,00-18-f3-e0-62-78,,2005.02.301,"\signac 10.200.4.118

172.16.162.xx",,,,,,,,,,,
276,,,10.208.41.10,255.255.255.0,,SECTRAACQ,104,,00:23:7d:53:1c:63,,,,,,,,,,,,,,
277,,,10.208.41.11,255.255.255.0,,SECTRASRV,7813,AIO-SECTRA,64:51:06:4A:51:BB,,,,,,,,,,,,,,
278,,,10.208.41.11,255.255.255.0,,SECTRASRV,7813,WISE,78:e7:d1:dd:a1:31,,,,,,,,,,,,,,
279,,,10.208.41.12,255.255.255.0,,IDS7,104,WKST2,D4:85:64:09:2F:9F,,,,,,,,,,,,,,
280,,,10.208.41.13,255.255.255.0,,IMA0045,5040,,00:0b:ab:e6:c2:28,,,"ancienne Mac :  00:0b:ab:6c:f4:98

aet : DV6008

",,,,,,,,,,,
281,,PX,172.16.167.10,255.255.255.0,,IMA0062,104,Planmeca1-PC,BC:EE:7B:89:F8:E9,,,"anciennement IMA+0062
ROMEXIS pour hostname ?  le 29/05/2018  par 13

ancienne mac : C4:A8:1D:FF:F0:10    20220802  13
virée de l' ISE",,,,,,,,,,,
282,,PX,172.16.167.17,255.255.255.0,,IMA0062A,104,,BC:EE:7B:87:71:34,,,,,,,,,,,,,,
283,,PX,172.16.167.19,255.255.255.0,,IMA0062B,104,G1422569,BC:EE:7B:87:72:52,2016-00502,,"dans le domaine CHU
login G1422569\planmeca  admin du poste.
avec mdp planmeca
changé IP le  9/3/21    13",,,,,,,,,,,
284,,US,10.208.40.11,255.255.255.0,,IMA0018,104,,00-27-0e-1f-69-a5,,,172.025.112.059,,,,,,,,,,,
285,,US,10.208.40.12,255.255.255.0,,SEQUOIARS,104,,00:1D:92:AF:91:36,,,"172.023.073.021
00-21-85-02-8b-fb ancienne MAC

00:20:ce:ff:5e:e9  GE E10

Mac de l'echo canon de prêt : 00:60:0a:08:64:df  02/11/2020 13",,,,,,,,,,,
286,,US,10.208.40.13,255.255.255.0,,SEQUOIA_56996,2100,REFORME,00:c0:c3:00:28:0d,,reformé,"42104
172.023.073.060

n' existe plus     13  le 16/11/2017

--------------------mis philips  EPIQ5C-------------------",,,,,,,,,,,
287,,US,10.208.40.14,255.255.255.0,,S2000CC,104,,00-27-0e-3c-c7-63,,,"42080
172.023.073.051",,,,,,,,,,,
288,,US,10.208.40.15,255.255.255.0,,SEQUOIA_65006,2100,REFORME,00-14-c1-31-6c-61,U027810,2005.04.205,"42104
172.023.073.046

St Vincent 3eme ch 3121/3122  (16)

vu le 23/08/2016

n' existe plus
---------------mis philips epiq5G----------------",,,,,,,,,,,
289,,,10.208.40.16,,,,0,,00:00:AA:91:91:21,,,"Remplacée par imprimante de location DICOM
Monosite Cardio Consu",,,,,,,,,,,
290,,,10.208.40.17,,,MCS20SCP,0,Supprimer,00:30:18:A5:51:93,,,Supprimer,,,,,,,,,,,
291,,,10.208.40.18,255.255.255.0,,IML1138,104,,00:68:EB:A5:B0:62,,2021-07307,"Artis Icono Biplan
adresse mac changée le 05/10/2021
 ancienne adresse mac : 00:04:23:d1:3b:b2

",,,,,,,,,,,
292,,,10.208.40.19,255.255.255.0,,IML1138A,104,,00:68:EB:C1:9B:36,,,"Artis Syngo Workplace
adresse mac changée le 05/10/21
ancienne mac : 00:e0:81:70:35:ce",,,,,,,,,,,
293,,,10.208.40.20,255.255.255.0,,,0,,00:04:23:B6:18:7E,,,"42104
172.023.073.061",,,,,,,,,,,
294,,,172.16.131.127,,,,0,,,,,Imprimante Salle de ARTIS,,,,,,,,,,,
295,,,172.23.16.218,255.255.248.0,,CT43232,104,,00:0e:0c:3b:7a:80,,,,,,,,,,,,,,
296,,,172.23.16.219,255.255.248.0,,CTW43232,104,,00-e0-81-54-42-85,,,,,,,,,,,,,,
297,,,172.16.65.10,255.255.255.0,,REFORMé,0,21635,00:1B:1B:62:30:09,,,,,,,,,,,,,,
298,,,172.16.65.11,255.255.255.0,,REFORMé,0,27766,EC:1C:5D:1E:00:FC,,,"old mac : 00:1B:1B:62:2F:98   le 23/05/203  13
old mac : EC:1C:5D:1E:00:FC le24",,,,,,,,,,,
299,,,172.16.65.12,255.255.255.0,,REFORMé,0,27839,EC:1C:5D:20:98:82,,,"ancienne mac : 00:1B:1B:62:35:A3  le 8/8/2018    13
ancienne mac : 40:EC:F8:08:8B:1C  le 23/05/2023  13",,,,,,,,,,,
300,,,172.16.65.13,255.255.255.0,,,0,21634,00:1B:1B:62:2F:70,,,,,,,,,,,,,,
301,,,172.16.65.14,255.255.255.0,,REFORMé,0,21636,40:EC:F8:08:C3:BB,,,"ancienne mac : 00:1B:1B:62:2F:F1    19/07/2021    13
",,,,,,,,,,,
302,,,172.16.65.15,255.255.255.0,,REFORMé,0,21637,00:1B:1B:62:36:1E,,,,,,,,,,,,,,
303,,,172.16.65.16,255.255.255.0,,REFORMé,0,21670,00:1B:1B:67:CA:0E,,,,,,,,,,,,,,
304,,,172.16.65.17,255.255.255.0,,automate,0,21609,00:1C:06:1A:18:7E,SC8-21609,,,,,,,,,,,,,
305,,,172.16.65.18,255.255.255.0,,ecran,0,,00:1B:1B:62:2B:C4,,,,,,,,,,,,,,
306,,,172.16.65.19,255.255.255.0,,,0,21598,00:1C:06:10:81:4D,,,,,,,,,,,,,,
307,,,172.16.65.20,255.255.255.0,,,0,,00:1B:1B:62:31:BC,,,,,,,,,,,,,,
308,,,172.16.65.21,255.255.255.0,,,0,20924,00:1C:06:0E:A3:79,,,,,,,,,,,,,,
309,,,172.16.65.22,255.255.255.0,,,0,,40:EC:F8:09:13:F6,,,"00:1B:1B:60:0D:7C   old 11/09/2023   13
40:EC:F8:09:13:F6 ????  15/09/2023   13",,,,,,,,,,,
310,,,172.16.65.23,255.255.255.0,,,0,21660,00:1B:1B:70:0C:02,,,,,,,,,,,,,,
311,,,172.16.65.24,255.255.255.0,,,0,,00:1B:1B:62:30:00,,,,,,,,,,,,,,
312,,,172.16.65.25,255.255.255.0,,,0,21659,00:1B:1B:70:0C:06,,,,,,,,,,,,,,
313,,,172.16.65.26,255.255.255.0,,,0,,00:1B:1B:62:2F:ED,,,,,,,,,,,,,,
314,,,172.16.65.27,255.255.255.0,,automate,0,21655,00:1C:06:1A:17:13,,,,,,,,,,,,,,
315,,,172.16.65.28,255.255.255.0,,ecran,0,,00:1B:1B:62:2D:DE,,,,,,,,,,,,,,
316,,,172.16.65.29,255.255.255.0,,automate,0,21656,00:1B:1B:70:0B:B2,,,,,,,,,,,,,,
317,,,172.16.65.30,255.255.255.0,,ecran,0,,00:1B:1B:62:2E:22,,,,,,,,,,,,,,
318,,,172.16.65.31,255.255.255.0,,automate,0,21627,00:1B:1B:70:0B:CA,,,"avant END+2082
après",,,,,,,,,,,
319,,,172.16.65.32,255.255.255.0,,ecran,0,,00:1B:1B:62:34:72,,,,,,,,,,,,,,
320,,,172.16.65.33,255.255.255.0,,automate,0,21657,00:1C:06:1A:16:12,,,,,,,,,,,,,,
321,,,172.16.65.34,255.255.255.0,,ecran,0,,00:1B:1B:62:2E:3F,,,,,,,,,,,,,,
322,,,172.16.65.35,255.255.255.0,,automate,0,21626,00:1B:1B:70:0B:B0,,,,,,,,,,,,,,
323,,,172.16.65.36,255.255.255.0,,ecran,0,,00:1B:1B:62:26:68,,,,,,,,,,,,,,
324,,,172.16.65.37,255.255.255.0,,REFORMé,0,,D4:AE:52:B9:C9:C0,,, reformé le 15/09/2023  par  13,,,,,,,,,,,
325,,,172.16.65.38,255.255.255.0,,,0,12380047,00:01:DA:F0:C0:79,,,,,,,,,,,,,,
326,,,172.16.65.39,255.255.255.0,,,0,12380046,00:01:DA:F0:C0:BE,,,,,,,,,,,,,,
327,,,172.16.65.40,255.255.255.0,,,0,14150016,00:01:DA:F1:18:13,,,,,,,,,,,,,,
328,,,172.16.65.41,255.255.255.0,,,0,M878,00:10:18:73:36:44,,,,,,,,,,,,,,
329,,,172.16.65.42,255.255.255.0,,,0,M877,00:10:18:73:36:D5,,,,,,,,,,,,,,
330,,,172.16.65.43,255.255.255.0,,,0,21570,00:60:E0:4F:82:C4,,,,,,,,,,,,,,
331,,,172.16.65.44,255.255.255.0,,,0,21398,00:60:E0:5D:8A:F2,,,,,,,,,,,,,,
332,,,172.16.65.45,255.255.255.0,,,0,M882,00:10:18:4E:D1:52,,,,,,,,,,,,,,
333,,,172.16.65.46,255.255.255.0,,,0,NPI231126,00:13:21:23:11:26,,2005.06.272/00,HEWLET PACKARD,,,,,,,,,,,
334,,US,172.16.67.10,255.255.255.0,,IMA0038,104,,00-19-0F-50-44-C6,,,"ancienne mac : 14:DA:E9:48:52:46     4/5/2020
ancienne mac : F4:6D:04:16:EE:1D  11/07/2022
ancienne mac : 08:60:6E:46:A8:68    15/09/2022 guillaume
changement pour essai avant achat
VLAN RADIO_SUPERSONIC
nouvelle mac essai canon : 04:42:1A:CB:E9:9E",,,,,,,,,,,
335,,US,172.16.67.10,255.255.255.0,,IMA0038_QR,8014,,08:60:6E:46:A8:68,,,,,,,,,,,,,,
336,,US,172.16.67.11,255.255.255.0,,IMA0039,104,,F8:32:E4:CD:BB:50,,,"Aixplorer 2
ancien BC:EE:7B:DC:B2:4F  18/12/2017",,,,,,,,,,,
337,,US,172.16.67.11,255.255.255.0,,IMA0039_QR,8014,,,,,Aixplorer 2,,,,,,,,,,,
338,,,172.16.67.50,,,,0,,00:00:AA:95:DB:83,,,,,,,,,,,,,,
339,,,172.16.68.10,DHCP Bloque,,,0,G1421270,90:1B:0E:30:65:96,,2014-21270,\\signac 10.200.4.118,,,,,,,,,,,
340,,,172.16.68.11,DHCP Bloque,,,0,3DOCT2000,3C:18:A0:01:Cf:FC,,2010.07.097/00,"\signac 10.200.4.118
ancien PC 2010.07.097/00
ancienne mac : 00:19:99:72:59:23
",,,,,,,,,,,
341,,,0.0.0.0,DHCP,,,0,,00-1D-09-21-D6-57,,2006.01.099/04,\signac 10.200.4.118,,,,,,,,,,,
342,,,10.8.5.54,,,,0,G1004256,00:25:64:CA:11:86,,,,,,,,,,,,,,
343,,US,172.16.45.10,255.255.255.0,,APLIO1,0,A4002057,00:60:0A:04:57:CA,,,,,,,,,,,,,,
344,,,10.7.5.200,255.255.255.0,,,0,,00:19:99:C8:A9:6D,,,"172.16.54.10  ancienne IP dans le VLAN 2554
passé en 10.7.5.200 et fixé l' IP par la DSN
vlan PCFixe-Std

VLAN LIBRE !!!  à partir du 12/10/2021   13",,,,,,,,,,,
345,,,10.7.5.80,255.255.255.0,,,0,G2105734,1C:69:7A:C6:99:D9,,,"172.16.54.11  ancienne IP dans le VLAN 2554
passé en 10.7.5.80 par DHCP 
vlan PCFixe-Std

VLAN LIBRE !!!  à partir du 12/10/2021   13",,,,,,,,,,,
346,,,172.16.161.12,255.255.255.0,,,0,1000-18-05,00:07:B8:DC:04:66,,2008.11.225/00,,,,,,,,,,,,
347,,,0.0.0.0,,,,0,1818,,,2003.07.124/00,,,,,,,,,,,,
348,,,10.251.106.6,,,MYRIAN,104,,14:FE:B5:EF:F2:CB,,,"Vlan ISE:
 PICASSO-MYRIAN

vlan 2799 ???",,,,,,,,,,,
349,,,10.208.37.97,255.255.255.0,,URG0423,4006,,80:E8:2C:C7:C6:AD,,,OLD : 68:05:CA:2B:C1:AA,,,,,,,,,,,
350,,,10.208.37.98,255.255.255.0,,URG0423A,4006,,B0:4F:13:14:6A:F3,,,"multiplan ok

changement de mac ce jour ( 27/12/22 ) : 
ancienne mac : 48:4D:7E:EB:FD:15
new : B0:4F:13:14:6A:F3",,,,,,,,,,,
351,,,10.208.37.99,255.255.255.0,,,0,,00:D0:56:C2:95:D2,S41600139,,,,,,,,,,,,,
352,,US,10.208.36.67,255.255.255.0,,CEF0171,5111,US-FD6I58LTIBIL,00:19:0F:23:85:E4,,2015-06401,WL en previsionnel pour le nouveau serveur,,,,,,,,,,,
353,,,10.208.37.100,255.255.255.0,,IML1121D,4006,,68:05:CA:2B:BB:D7,S41600141,,68:05:CA:2B:BB:D7,,,,,,,,,,,
354,,SC,172.16.169.18,255.255.255.0,,BOA1106,8007,SMS-BOA1106,00:07:32:32:E4:62,,,n°serie: H15080824,,,,,,,,,,,
355,,,172.16.59.10,255.255.255.0,,,0,ISIS-14A005,00:19:99:F0:75:9F,,2014-01756,,,,,,,,,,,,
356,,,172.16.168.14,255.255.255.0,,,0,,38:2C:4A:0E:51:37,,,,,,,,,,,,,,
357,,,172.16.62.31,255.255.255.0,,,0,OKI,00:25:36:2E:17:65,,2015-07323,"imprimante OKI laser couleur salle interpretation


vu le 10/08/2016

n' existe plus  22/05/2019  13",,,,,,,,,,,
358,,,172.16.31.163,,,,0,,,,,Marque OKI,,,,,,,,,,,
359,,,172.16.210.11,255.255.255.0,,,0,spectro1,90:B1:1C:6F:54:C5,1W6PMW1,2013-54237,"login spectro 
mdp spectro
avec droits administrateur

DELL PRECISION T1650
sur UV-VIS SPECTROPHOTOMETER
UV-2600 SHIMADZU

",,,,,,,,,,,
360,,,172.16.210.10,255.255.255.0,,,0,PC,00:10:18:4B:3B:1A,3JKBH5J,2013.01.607/00,"DELL OPTIPLEX 3010 
sur chaine HPLC SHIMADZU
",,,,,,,,,,,
361,,,172.16.211.10,255.255.255.0,,,0,DATAPAD1,00:13:95:17:19:1B,24S04524,2015-08526,,,,,,,,,,,,
362,,,172.16.211.11,255.255.255.0,,,0,DATAPAD2,00:13:95:19:0C:6A,24S04523,2015-08525,,,,,,,,,,,,
363,,,172.16.211.12,255.255.255.0,,,0,DATAPAD3,00:13:95:17:18:EA,24S04522,2015-08524,,,,,,,,,,,,
364,,,172.16.211.13,255.255.255.0,,,0,G1002437,00:23:AE:A1:71:0E,6TJ7N4J,2010.02.437/00,,,,,,,,,,,,
365,,us,172.31.254.10,255.255.255.0,,SEQUOIA_57353,2100,,00:C0:C3:00:7B:C8,57353,2002.07.130,"12/08/2020
remis au 4 ème

00:14:C1:00:11:4C 
00:C0:C3:00:EE:0A",,,,,,,,,,,
366,,,172.16.65.47,255.255.255.0,,REFORMé,0,,00:60:E0:50:8E:17,22643,2015-07512,reformé le 15/09/2023    par 13,,,,,,,,,,,
367,,,10.208.36.68,255.255.255.0,,,0,B1500817,6C:0B:84:07:77:02,S4K28931,2015-00817,DHCP sur le reseau PCFixe_Std,,,,,,,,,,,
368,,,10.208.36.69,255.255.255.0,,,0,B1500816,6C:0B:84:07:77:4F,S4K28933,2015-00816,DHCP sur le reseau PCFixe_Std,,,,,,,,,,,
369,,US,10.208.36.70,255.255.255.0,,REACHIR1,0,PHILIPS-IPRUZNM,00:00:50:B0:61:F6,60650262,2013-59250,UF 1532,,,,,,,,,,,
370,,US,10.208.36.71,255.255.255.0,,REACTV1,0,,00:00:50:BC:21:36,60650263,2013-59266,UF 6349,,,,,,,,,,,
371,,,172.16.62.30,255.255.255.0,,,0,BourelEmilie-HP,FC:3F:DB:44:17:ED,,MATOS FAC,"portable HP probook win7 
avec COHERENCE dessus",,,,,,,,,,,
372,,,172.16.62.33,255.255.255.0,,,0,claire-HP,FC:3F:DB:44:17:19,,MATOS FAC,"portable HP probook win7 
avec COHERENCE dessus",,,,,,,,,,,
373,,CT,10.208.37.101,255.255.255.0,,SIMU35,4006,,00:07:E9:18:A5:FC,M4160064,,,,,,,,,,,,,
374,,,10.208.37.102,,,SIMU35A,4006,,00:1B:21:1F:EE:F8,,,,,,,,,,,,,,
375,,,172.16.62.34,255.255.255.0,,,0,B1600141,A0:36:9F:7D:96:43,,2016-00141,"
vu le 10/08/2016",,,,,,,,,,,
376,,,172.16.62.35,255.255.255.0,,,0,,AC:CC:8E:5A:8A:64,,2016-00146,"
mise a jour le 10.02.2022
mis caméra de prêt avec mac :  AC:CC:8E:5A:8A:64

ancienne MAC : AC:CC:8E:5A:82:E1
",,,,,,,,,,,
377,,,172.16.62.36,255.255.255.0,,,0,B1600425,00:01:6C:CF:FB:3F,,2016-00425,"
vu le 10/08/2016",,,,,,,,,,,
378,,,10.208.37.103,,,SIMU32,4006,,68:05:CA:07:1A:73,,,,,,,,,,,,,,
379,,,172.23.236.10,,,,0,GIBBON,,,,"Nom du serveur : GIBBON    Adresse IP : 172.23.236.10
Plateforme : Vmware     Cluster : SMITH   
SITE : NCHU salle VOLT
CPU : 2 vCPU    RAM : 8 Go
Espace disque : System : 90 Go
Système d’exploitation : Windows Server 2012 Std FR
",,,,,,,,,,,
380,,,10.37.5.88,255.255.255.0,,OK le 24/10/2022  Romu,0,B1803477,94:C6:91:85:F7:FF,,2018-03477,"salle interpretation adulte  23/04/2019   13
 
anciennement :
VLAN PICASSO-DELTAMED  G1102712  vlan 2771
10.249.1.85  GW 10.249.1.81  BC:30:5B:AE:B3:C4
compte local : utilisateur
mdp  :  eegadulte
vu le 10/08/2016
",,,,,,,,,,,
381,,,10.37.5.41,255.255.255.0,,OK le 24/10/2022  Romu,0,B1507142,90:FB:A6:83:DC:9C,,2015-07142,"salle interpretation ped.   23/04/2019   13

anciennement :
VLAN PICASSO-DELTAMED   G1102711  vlan 2771
10.249.1.83  GW: 10.249.1.81  BC:30:5B:AC:8C:F1
compte local : utilisateur              2011.02.711/00
mdp  :  eegped          
vu le 10/08/2016",,,,,,,,,,,
382,,,10.249.1.82,,,serveur HOUX,0,HOUX,,,,"VLAN PICASSO-DELTAMED

gestion du serveur par la DSI
compte:   chu\eeg
mdp     :   Bio80med!!",,,,,,,,,,,
383,,,10.208.37.104,255.255.255.0,,aws1 ilo,0,ILO,9C:B6:54:81:92:84,,,"va de pair avec le serveur ADWS1  (med.nuc.) en 10.208.37.156
entrée service ( ILO )",,,,,,,,,,,
384,,,10.208.38.26,,, Csami80000FIR,2104,,78:2B:CB:76:31:F9,,,PACS SIMUSANTé,,,,,,,,,,,
385,,,10.208.38.27,,,,0,,78:2B:CB:76:31:FB,,,idrac,,,,,,,,,,,
386,,,172.16.62.100,255.255.255.0,,ILICINE,0,ILICINE,,,,"serveur  ILICINE    DSI   

MSSQL BDD patients",,,,,,,,,,,
387,,,172.16.212.10,255.255.255.0,,MYRIAN7,5679,myrian7,80:EE:73:14:74:F8,,,,,,,,,,,,,,
388,,,172.16.212.11,255.255.255.0,,MYRIAN5,5679,myrian5,80:EE:73:14:74:F8,,,,,,,,,,,,,,
389,,,172.16.212.12,255.255.255.0,,MYRIAN6,5679,myrian6,80:EE:73:14:75:A3,,,,,,,,,,,,,,
390,,,172.16.212.13,255.255.255.0,,MYRIAN1,5679,myrian1,80:EE:73:14:78:2C,,,,,,,,,,,,,,
391,,,172.16.212.14,255.255.255.0,,MYRIAN12,5679,myrian12,80:EE:73:14:77:85,,,,,,,,,,,,,,
392,,,172.16.212.15,255.255.255.0,,MYRIAN3,5679,myrian3,80:EE:73:14:77:21,,,,,,,,,,,,,,
393,,,172.16.212.16,255.255.255.0,,MYRIAN9,5679,myrian9,80:EE:73:14:76:EF,,,,,,,,,,,,,,
394,,,172.16.212.17,255.255.255.0,,MYRIAN11,5679,myrian11,80:EE:73:14:77:C7,,,,,,,,,,,,,,
395,,,172.16.212.18,255.255.255.0,,MYRIAN8,5679,myrian8,80:EE:73:14:75:40,,,,,,,,,,,,,,
396,,,172.16.212.19,255.255.255.0,,MYRIAN2,5679,myrian2,80:EE:73:14:73:3E,,,,,,,,,,,,,,
397,,,172.16.212.20,255.255.255.0,,MYRIANPROF,5679,myrianp,80:EE:73:14:77:0D,,,,,,,,,,,,,,
398,,,172.16.212.21,255.255.255.0,,MYRIAN13,5679,myrian13,80:EE:73:70:CD:2E,,,,,,,,,,,,,,
399,,,172.16.212.22,255.255.255.0,,MYRIAN10,5679,myrian10,80:EE:73:14:77:75,,,,,,,,,,,,,,
400,,,172.16.212.23,255.255.255.0,,MYRIAN4,5679,myrian4,80:EE:73:14:74:AA,,,,,,,,,,,,,,
401,,,172.16.212.24,255.255.255.0,,MYRIAN14,5679,myrian14,80:EE:73:14:77:FC,,,,,,,,,,,,,,
402,,,10.208.53.11,255.255.255.0,,SG029_CYBER,4027,,,,,"Ne pas attribuer d' IP
 Voir avec Yann Delahaye 

AET: N1000_STORAGE  port 104 pour envoi  MULTIPLAN  
pour acceder à l' exterieur , 1 PC technicien Accuray a été mis dans l' ISE:

34:E6:D7:10:7D:2A
  ok le19/07/18
",,,,,,,,,,,
403,,,172.16.47.12,255.255.255.0,,,0,,B8:27:EB:4B:74:DB,,,RDP ROSA,,,,,,,,,,,
404,,CR,172.22.18.2,255.255.255.0,,FUJICAP,104,,,,,"vlan St Victor:
Name : RadioFuji
Vlan ID : 1301
IP : 172.22.18.0/24

00:04:5F:7A:4F:DE ???",,,,,,,,,,,
405,,,10.208.37.105,255.255.255.0,,CESIUM,0,cesium,64-51-06-F8-C2-CC,S41600D1,,"Serveur de dose  DOSEWATCH
AET: DW_MPPS_SCP  /   PORT 2001
AET: DW_RDSR_SCP  /   PORT 2003
",,,,,,,,,,,
406,,,10.208.37.106,255.255.255.0,,à vérifier si libre ou pas !!!,0,S-CZ14410333,64:51:06:F8:C2:CD,,G.E.,"DOSEWATCH
Serveur de dose double carte réseau",,,,,,,,,,,
407,,,192.168.184.16,255.255.255.0,,,0,MP-02,0C:C4:7A:70:F5:52,,,10.208.53.12  à l 'origine!,,,,,,,,,,,
408,,,172.16.46.15,255.255.255.0,,BOA2043F,104,,F0:1F:AF:27:3B:B9,,,"Etude en cours avec Mr Lefranc
ancienne mac: 90:1B:0E:90:12:16
SURETUNE3    07/11/2017",,,,,,,,,,,
409,,,10.249.0.11,255.255.255.0,,CHUAMIENSSUD,0,CGTR1,BC:AE:C5:D7:A4:0D,,,"matériel géré par le GCS esanté

se connecte sur le 10.36.37.98 avec un navigateur

version de MYRIAN:  Myrian@64  1.19.0

support.esante-picardie.com

vu le 10.08.2016reinstalle le 15.01.2019  par 13",,,,,,,,,,,
410,,,10.208.37.107,255.255.255.0,,DW_SCP,0,CERIUM,,,,"Datalink Datawatch   (3 IRMs connectés)

GE_DATAGATE
IP : 10.208.37.107
AET : DW_SCP
Port : 2001
",,,,,,,,,,,
411,,DX,172.16.214.10,255.255.255.0,,IMA0062EOS,104,POSTE140101691,68:05:CA:3A:F2:72,5.1607.382,2016-04138,"n° serie: 5.1607.382
domaine WORKGROUP",,,,,,,,,,,
412,,DX,172.16.214.11,255.255.255.0,,IMAEOSSRV,104,EOSRWS52SH5G3,b0:7b:25:23:c7:64,5.1607.382,,"SN : 6.1606.544
domaine WORKGROUP
service tag: 3NSCDD2


old  18:66:DA:07:7F:FF   10/06/2022  13",,,,,,,,,,,
413,,DX,172.16.214.12,255.255.255.0,,IMAEOSCLI,104,EOSWS,18:66:DA:07:7E:C2,5.1607.382,,"SN : 6.1607.545
domaine WORKGROUP
service tag: 3P6HDD2",,,,,,,,,,,
414,,,10.208.40.22,255.255.255.0,,SF082,104,,40:A8:F0:CB:E8:7D,,,STATION DE  POST TRAITEMENT,,,,,,,,,,,
415,,,10.208.40.21,255.255.255.0,,SF081,104,,98:ee:cb:f4:f6:24,,,"GAMMA CAMERA
ancienne mac: 90:1B:0E:8B:1C:A5  au 13/12/2022   13",,,,,,,,,,,
416,,,172.16.62.37,255.255.255.0,,,0,XLTEKDT,18:03:73:32:a9:47,,,"appareil qui monte au  BLOC !!!

ancienne mac : 64:00:6A:7D:B7:CE",,,,,,,,,,,
417,,,172.16.62.38,255.255.255.0,,,0,B1602587,4C:CC:6A:32:E6:1E,,,,,,,,,,,,,,
418,,,172.16.47.13,255.255.255.0,,,0,,B8:27:EB:8B:A4:46,,,"futur RDP MEDTRONIC
",,,,,,,,,,,
419,,,10.208.37.108,255.255.255.0,,,0,GALLIUM,,,,GALLIUM      Applied Inteligence   (dashboards IRM ),,,,,,,,,,,
420,,,10.208.53.40,255.255.255.0,,,0,,9C:B6:54:19:66:FA,,,HP Laserjet 500 Color M551,,,,,,,,,,,
421,,XA,10.208.36.72,255.255.255.0,,MRP01,104,,00:0F:11:00:BC:98,52236926,2011.01.547,"Mobile Radio Philips 1
n°serie: 1522
",,,,,,,,,,,
422,,XA,10.208.36.73,255.255.255.0,,MRP02,104,,00:0F:11:01:64:F0,52782356,2011.01.545,Mobile Radio Philips 2,,,,,,,,,,,
423,,,10.208.37.109,255.255.255.0,,,104,BARYUM,,,,BARYUM       ETL  Datawarehouse (base intermédiaire entre DataWatch et Applied Intelligence,,,,,,,,,,,
424,,,1.1.1.3,255.255.255.0,,CALLISTO1,5901,OEM-5KJXW7T83Y4,00:18:7D:39:9B:E5,,2014-19501,00:18:7D:39:9B:E6  2eme interface reseau,,,,,,,,,,,
425,,,10.208.37.110,255.255.255.0,,OEC_9800B,0,,00:90:FB:82:31:16,,,,,,,,,,,,,,
426,,OT,10.208.37.165,255.255.255.0,,GELUNAR,104,osteo-PC,00:0A:F7:93:16:0A,,,deméngé du nord le 24/01/2023,,,,,,,,,,,
427,,,172.31.52.40,255.255.255.128,,HOLOGIC1,104,HP18348158564,,,,ancienne IP  :172.25.112.105,,,,,,,,,,,
428,,,172.16.56.10,,,,0,SPECTRALIS-OCT,18:31:BF:E0:43:0E,,,"vu le 15/12/2016  changement de PC
ancien: 70:8B:CD:BC:B2:02  au 18/09/18",,,,,,,,,,,
429,,,172.16.212.26,255.255.255.0,,,0,G16039034,4C:CC:6A:3F:06:23,,,PC temporaire de test pour NEGATOSCOPE NUMERIQUE,,,,,,,,,,,
430,,,192.168.184.15,255.255.255.0,,,0,MP-01,0C:C4:7A:70:F5:D8,,,,,,,,,,,,,,
431,,,10.208.38.28,,,,0,,00:15:5D:26:1B:00,,,NICESOFT APP,,,,,,,,,,,
432,,,10.208.38.29,,,,0,,00:15:5D:26:1B:02,,,NICESOFT BDD,,,,,,,,,,,
433,,,10.208.38.30,,,,0,,00:15:5D:26:1B:01,,,NICESOFT INT,,,,,,,,,,,
434,,,172.16.51.15,255.255.255.0,,compte 1981boxcons1,0,B1422731,34:17:EB:D8:83:07,,2014-22731,epreuve d effort pediatrique,,,,,,,,,,,
435,,,172.16.63.50,255.255.255.0,,,0,,5C:77:57:00:45:86,,,"materiel de test olympus 
Pr Berna 
5C:77:57:00:20:BF  ancien de test
",,,,,,,,,,,
436,,,172.16.63.51,255.255.255.0,,,0,,00:18:7D:3B:AC:DC,,,"test olympus 
Pr Berna
1C:75:08:DF:A1:04  ancien de test",,,,,,,,,,,
437,,,172.16.57.50,255.255.255.0,,TEST,0,DEMO,00:0d:f0:00:2d:76,,,test EEG longue durée 29 canaux   6-10/12/2021,,,,,,,,,,,
438,,,172.16.213.150,,,,0,marque: MORTARA,00:0F:82:00:EB:FE,,,"etude:

INC ND0612H-012 - SITE 263
",,,,,,,,,,,
439,,,172.16.213.151,,,,0,marque: MORTARA,00:0F:82:00:ED:2C,,,"etude:

INC ND0612H-012 - SITE 263",,,,,,,,,,,
440,,,10.7.5.93,255.255.255.0,,,0,G1601923,00-01-6C-D1-B2-C7,,2016-01923,ok le 11/05/2017    13,,,,,,,,,,,
441,,,172.16.213.10,255.255.255.0,,recherche Ped.,0,,B8:27:EB:C3:32:F4,,,"Degrugillier Loic  pour la recherche
IP fixes à partir de 172.16.213.10
IP DHCP à partir de 172.16.213.150 avec reservation IP possible",,,,,,,,,,,
442,,,10.208.37.111,255.255.255.0,,,0,SMN14300034SA,E0:F4:2B:55:A5,,2014-19705,install pdf creator  le28/06/2017,,,,,,,,,,,
443,,,172.16.161.10,255.255.255.0,,,0,,00:E0:F4:32:CD:34,,2017-03771,,,,,,,,,,,,
444,,,10.208.37.112,255.255.255.0,,PTCT,4006,,A0:8C:FD:E0:90:DB,S41600148,,,,,,,,,,,,,
445,,,10.208.37.113,255.255.255.0,,ADWPET,4006,,68:05:CA:58:E7:7E,S41600149,,,,,,,,,,,,,
446,,,10.208.37.116,255.255.255.0,,,0,,,,,console varian TEP GE,,,,,,,,,,,
447,,,10.208.37.114,,,,0,,,,,dosewatch temporaire pour basculer sur le serveur virtuel,,,,,,,,,,,
448,,,10.208.37.115,,,,0,,,,,addr temporaire pour bascule du serveur DOSEWATCH sur serveur virtuel,,,,,,,,,,,
449,,,10.208.37.117,255.255.255.0,,ne sert plus !!!   arterys-phi,0,stag: DNQWWK2,50:9A:4C:5A:06:D5,dell precision TOWER 5810,2018-00259,"Arterys.  l'installation  de ViosWorks/Arterys 
avec l'upgrade en DV26 de vos 2 IRM GE.
ViosWorks désigne la version produit du 4D Flow
(séquence GE + post-traitement Arterys)
PHI Service (serveur qui gère l'anonymisation des données envoyées )
",,,,,,,,,,,
450,,CT,10.126.18.10,255.255.255.0,,CT16D???,104,CT_73015418_345286_INGENUITY F,,728317-Ingenuity Flex,,"CT_73015418_345286_INGENUITY FLEX

SAP EQUIP.NUM.  73015418
SERIAL NUM.        345286",,,,,,,,,,,
451,,,172.16.213.154,255.255.255.0,,,0,NPI7F9E57,A0:D3:C1:7F:9E:57,,,"imprimante GE (en usb)
mise en reseau pour le CHU
salle HYBRIDE en interventionnelle",,,,,,,,,,,
452,,,172.16.90.100,255.255.255.0,,,0,Medrad_VC_01727,00:07:32:33:F2:E9,Solaris 62649,,Solaris 62649    Medrad_VC_01727        00:07:32:33:F2:E9       172.16.90.100,,,,,,,,,,,
453,,,172.16.90.101,255.255.255.0,,,0,Medrad_VC_01730,00:07:32:33:F2:4E,Solaris 201184,,Solaris 201184  Medrad_VC_01730        00:07:32:33:F2:4F        172.16.90.101,,,,,,,,,,,
454,,,172.16.90.102,255.255.255.0,,,0,Medrad_VC_02556,00:07:32:33:18:DB,Stellant 20946,,Stellant 20946   Medrad_VC_02556        00:07:32:33:18:DB       172.16.90.102,,,,,,,,,,,
455,,,172.16.90.103,255.255.255.0,,,0,Medrad_VC_01722,00:07:32:33:5D:8B,Solaris 200089,,Solaris 200089  Medrad_VC_01722        00:07:32:33:5D:8B       172.16.90.103,,,,,,,,,,,
456,,,172.16.90.104,255.255.255.0,,,0,Medrad_VC_01756,00:07:32:33:EC:40,Stellant 20155,,"Stellant 20155   Medrad_VC_01756        00:07:32:33:EC:40       172.16.90.104

CHU nord",,,,,,,,,,,
457,,,172.16.90.105,255.255.255.0,,,0,Medrad_VC_01724,00:07:32:33:D0:19,Stellant 29846,,Stellant 29846   Medrad_VC_01724        00:07:32:33:D0:19        172.16.90.105,,,,,,,,,,,
458,,,172.16.90.106,255.255.255.0,,,0,Medrad_VC_01728,00:07:32:33:F8:B0,Stellant 70097,,"Stellant 70097   Medrad_VC_01728        00:07:32:33:F8:B0        172.16.90.106
PROXY : http://proxypac.chu-amiens.local/proxy.pac
",,,,,,,,,,,
459,,,172.16.52.25,255.255.255.0,,,0,medatec_acq_2,DC:4A:3E:54:8B:CB,,2017-06639,"radio_medatech
6135acquis
HS-STV-E2-007-H1  port 3 à 8",,,,,,,,,,,
460,,,172.16.52.26,255.255.255.0,,,0,medatec_acq_1,DC:4A:3E:53:26:F6,,2017-06638,"radio_medatech
6135acquis
HS-STV-E2-007-H1  port 3 à 8",,,,,,,,,,,
461,,,172.16.52.27,255.255.255.0,,,0,medatec_acq_5,00:0D:05:07:32:00,,2017-06643,"radio_medatech
6135acquis
mobile
HS-STV-E2-007-H1  port 3 à 8",,,,,,,,,,,
462,,,172.16.52.28,255.255.255.0,,,0,medatec_view,88:D7:F6:CF:78:90,,2017-06644,"radio_medatech
6135acquis
poste prise à main a distance du mobile
HS-STV-E2-007-H1  port 3 à 8",,,,,,,,,,,
463,,,10.208.36.74,255.255.255.0,,EPIQ_002,0,,00:19:0F:14:C3:64,63427551,2014-18468,"vasculaire

ok  13  le   16/11/2017",,,,,,,,,,,
464,,,10.208.36.75,255.255.255.0,,EPIQ_001,104,,00:04:5F:9E:3C:6B,73586919,2017-05075,"mme Guillaumont

ok  13   le   16/11/2017",,,,,,,,,,,
465,,,10.208.53.12,255.255.255.0,,iDMS ?,0,,,,,"suite à upgrade,
rajout IP au Cyberknife le 3/11/2017",,,,,,,,,,,
466,,,10.34.5.55,,,,0,G1605097,4C:CC:6A:56:9C:9D,,2016-05097,login: 6915interscan,,,,,,,,,,,
467,,,10.34.5.72,,,,0,G1605096,4C:CC:6A:56:9C:A2,,2016-05096,login: 6915interscan,,,,,,,,,,,
468,,,10.126.18.11,255.255.255.0,,,0,,,,,console ADW G.E.  dans le vlan Philips à DOULLENS,,,,,,,,,,,
469,,,172.16.58.10,255.255.255.0,,,0,,00:07:32:3E:31:F9,,,denomination VLAN: BIOMED_EDCLAMY,,,,,,,,,,,
470,,,10.208.37.118,255.255.255.0,,,0,GALLIUM,00:50:56:AA:F4:27,,,serveur INSIGHT,,,,,,,,,,,
471,,,172.16.213.17,255.255.225.0,,projet voyants blocs,0,,b8:27:eb:75:c8:56,,,raspberry projet VOYANTS,,,,,,,,,,,
472,,,172.16.47.14,255.255.255.0,,SURETUNE1,104,B1800055,94:C6:91:2D:29:3A,,2018-00055,"PC Mr Lefranc

attention : matériel MEDTRONIC
à remettre dans le VLAN Medtronic lors d' une MAJ ou autre !!!",,,,,,,,,,,
473,,,172.16.47.15,255.255.255.0,,SURETUNE2,104,B1800056,94:C6:91:2D:27:4D,,2018-00055,"pc Mme Tir

attention : matériel MEDTRONIC
à remettre dans le VLAN Medtronic lors d' une MAJ ou autre !!!",,,,,,,,,,,
474,,,172.16.215.10,255.255.255.0,,,0,,00:02:2E:26:0F:21,,2017-07658,,,,,,,,,,,,
475,,,172.16.215.11,255.255.255.0,,,0,,00:02:2E:26:0F:46,,2017-07659,,,,,,,,,,,,
476,,,10.208.36.76,255.255.255.0,,,0,B1707442,94:c6:91:0f:a5:65,,2017-07442,"pour prendre la main su rle poste B1404215
console XCELERA en USIC

remis dans ISE PCfixe_Std",,,,,,,,,,,
477,,,10.208.36.77,255.255.255.0,,,0,B1707441,94:c6:91:0f:a4:fb,,2017-07441,"salle réunion 5eme
pour prendre la main su rle poste B1404215
console XCELERA cardio echo 5eme",,,,,,,,,,,
478,,,172.16.213.152,,,SRVGMAO  (ancien),0,SRVGMAO,00:23:AE:97:3E:65,,2010.02.438,,,,,,,,,,,,
479,,,172.16.46.16,255.255.255.0,,BOA2043G,104,Oarm 2,00:01:29:84:9E:9E,,2018-00982,,,,,,,,,,,,
480,,,172.16.46.17,255.255.255.0,,BOA2043H,104,Oarm 3,00:01:29:84:9E:AA,,2018-00984,,,,,,,,,,,,
481,,,172.16.46.18,255.255.255.0,,BOA2043I,104,S8 bloc,00:1C:7F:2F:A7:84,N07596952 (MAD),2018-01009,,,,,,,,,,,,
482,,,172.19.23.10,255.255.255.0,,SHOR,0,shor,00-50-56-AA-7C-00,,,172.19.23.10   au  03/05/2018,,,,,,,,,,,
483,,,172.16.47.16,255.255.255.0,,IQSERVER1,104,,28:F1:0E:17:AF:89,,,09/05/2018  13,,,,,,,,,,,
484,,US,10.208.36.78,255.255.255.0,,CEA0025,104,US-A9AQ1VFSKVC3,00:04:5F:9E:E1:AB,75633466,2018-01244,salle 5,,,,,,,,,,,
485,,,10.208.37.119,255.255.255.0,,URG0400A,104,,00:13:95:27:CD:FE,,2018-01386,,,,,,,,,,,,
486,,,172.16.62.39,255.255.255.0,,,0,,A0:8C:FD:C2:FC:BC,,2018-01627,,,,,,,,,,,,
487,,,172.16.62.40,255.255.255.0,,,0,,AC:CC:8E:69:1A:F7,,2018-01628,,,,,,,,,,,,
488,,,172.16.213.12,,,OLIMEX1,0,,84:cc:a8:11:b9:cf,,,"OLIMEX  LOIC
",,,,,,,,,,,
489,,,172.16.53.11,255.255.255.0,,,0,SPZ18010004SA,00:0B:AB:E1:51:E0,,,,,,,,,,,,,,
490,,,172.16.53.12,255.255.255.0,,,0,VO2-MGCD-PED,74:E6:E2:E2:BA:72,,,"User
User",,,,,,,,,,,
491,,,10.208.40.23,255.255.255.0,,CIOS12911,104,,90:1B:0E:F9:0D:79,,,"90:1B:0E:F9:0D:79   filaire
en attendant la WIFI...",,,,,,,,,,,
492,,,10.208.37.67,255.255.255.0,,VE8C,0,US1,00:0B:AB:E7:15:E3,UM88634209,2018-01632,connecté au poste G1507074 viewpoint de la salle echo 1,,,,,,,,,,,
493,,,172.16.64.25,255.255.255.0,,ANION1,104,ANION1,00:50:56:AD:13:DE,,,BROMURE1  00:50:56:AA:24:91,,,,,,,,,,,
494,,,172.16.64.26,255.255.255.0,,ANION2,104,ANION2,00:50:56:AD:4F:A5,,,BROMURE2  00:50:56:AA:91:F2,,,,,,,,,,,
495,,,172.16.64.27,255.255.255.0,,ANION3,104,ANION3,00:50:56:AD:EF:61,,,BROMURE3  00:50:56:AA:E3:54,,,,,,,,,,,
496,,,172.16.64.28,,,OPEN SPACE,0,,1C:7D:22:1B:86:DB,3916830172,,"OPEN SPACE


iPR C265 - OPENSPACE
serial : 35R01465",,,,,,,,,,,
497,,,172.16.64.29,,,MAMMO,0,,1C:7D:22:27:92:8A,3916857666,,MAMMO,,,,,,,,,,,
498,,,172.16.64.30,,,SCAN_RDC,0,,1C:7D:22:27:92:6B,3916857682,,SCAN_RDC,,,,,,,,,,,
499,,,172.16.64.31,,,RADIO HOSPI RX1,0,,1C:7D:22:1B:86:CB,3916830164,,RADIO HOSPI RX1,,,,,,,,,,,
500,,,172.16.64.32,255.255.255.0,,ECHO AMBU,0,,74:38:B7:DA:EB:36,3611442598,,"
9C:93:4E:86:C9:57 0 ENLEVER DE L' ISE",,,,,,,,,,,
501,,,172.16.64.33,,,DOPPLER,0,,74:38:B7:DA:EB:B8,3611442563,,"DOPPLER

9C:93:4E:86:C9:4C  à enlever de l' ISE",,,,,,,,,,,
502,,,172.16.64.34,,,CONSULT,0,,9C:93:4E:BB:F2:E6,3717099981,,"CONSULT

ancienne mac :  9C:93:4E:99:5C:97",,,,,,,,,,,
503,,,172.16.64.35,,,TEP SCAN,0,,1C:7D:22:1B:85:BC,3916829824,,TEP SCAN,,,,,,,,,,,
504,,,172.16.64.36,255.255.255.0,,MN  Med. Nuc.,0,,1C:7D:22:27:9F:C7,3916846567,,"MN  Med. Nuc.
ancienne mac le 03/10/2018     1C:7D:22:1B:A8:06
",,,,,,,,,,,
505,,,172.25.112.114,,,à retirer de la liste !!!,0,,9c:93:4e:99:5d:94,3717099906,,HN  Hop.Nord,,,,,,,,,,,
506,,,172.16.235.11,255.255.255.0,,CIOS12911,104,,20:87:56:6A:7F:AC,,,connexion par WIFI !!!,,,,,,,,,,,
507,,,172.16.62.41,255.255.255.0,,ACQ  XLTEK  CH 4147,0,B2100706,A4:BB:6D:9D:89:A7,,2021-00706,"sn:  HRQN7M2
A4:BB:6D:9D:89:A7
ancienne mac :  00:13:3B:21:2B:38",,,,,,,,,,,
508,,,172.16.62.42,255.255.255.0,,,0,,70:26:05:34:21:25,,,"model : SNC-EP580
SN      : 5200708
ver      : 1.87.00

camera face
",,,,,,,,,,,
509,,,172.16.62.43,255.255.255.0,,camera  XLTEK,0,,04:5D:4B:7B:79:00,,2018-02261,"model : SNC-EP550
SN      : 5201697
ver      : 1.87.00

009191-000001",,,,,,,,,,,
510,,,172.16.62.44,255.255.255.0,,REL  XLTEK ctrl  B2100706,0,B1802276,8C:EC:4B:55:7F:07,,2018-02276,"31HZ8N2
poste relecture1",,,,,,,,,,,
511,,,172.16.62.45,255.255.255.0,,REL XLTEK  EFSN 1ER,0,B1802274,8C:EC:4B:58:0F:2C,,2018-02274,"31GZ8N2
poste relecture2",,,,,,,,,,,
512,,,172.16.62.46,255.255.255.0,,REL  XLTEK ctrl  B1802272,0,B1802275,8C:EC:4B:58:0F:46,,2018-02275,"31N28N2
poste relecture3",,,,,,,,,,,
513,,,172.16.62.47,255.255.255.0,,camera  XLTEK,0,,70:26:05:34:21:3E,,2018-02263,"022664-000003
caméra face",,,,,,,,,,,
514,,,172.16.62.48,255.255.255.0,,camera  XLTEK,0,,04:5D:4B:2F:8F:45,,2018-02262,"009191-000004
camera côté",,,,,,,,,,,
515,,,172.16.62.49,255.255.255.0,,ACQ  XLTEK  CH 4149,0,B1802272,8C:EC:4B:57:2C:36,,2018-02272,,,,,,,,,,,,
516,,,172.16.62.50,255.255.255.0,,à controler...,0,,64:5F:FF:14:05:22,,2018-02269,"01686210067
INTERFACE XLTEK NUIT
passé en ip locale 192.168.2.1 direct sur le PC  le 18/07/2018
",,,,,,,,,,,
517,,,172.23.171.21,,,PLEXUS,0,PLEXUS,,,,"serveur pour EFSN ADULTE LONGUE DUREE
projet XLTEK NATUS
Nom de la base : XLTEK
Nom et port du listener : AWO_BIOMED_14,1434
Nom du compte db_owner : CHU\xltek_sql 
Nom du partage : \\modal\XLTEK$
Nom du compte : CHU\xltek_sm",,,,,,,,,,,
518,,,172.16.62.51,255.255.255.0,,poste surveillance XLTEK,0,B2003878,6C:4B:90:9F:DC:25,,2020-03878,"PC HS le39/03/2022   :
B1801761 avec mac :  6C:4B:90:3A:DC:E4",,,,,,,,,,,
519,,,172.16.94.10,255.255.255.0,,CRXPCRREVIEW1,104,INNOVA-CVX,00:24:81:18:E0:20,,2018-03199,,,,,,,,,,,,
520,,,10.208.36.79,255.255.255.0,,IML1140C,0,VOLCANO,AC:1F:6B:66:12:01,,,,,,,,,,,,,,
521,,,10.208.37.121,255.255.255.0,,IML1140A,0,IGS520,38:0e:4d:f5:65:f4,,2018-03201,,,,,,,,,,,,
522,,,10.208.37.122,255.255.255.0,,IML1140B,4006,MACLAB-IGS520,18:60:24:8d:80:c4,,,,,,,,,,,,,,
523,,,191.1.1.1,,,,0,,00:30:E6:02:2F:6B,,2005.02.437,"reseau hors CHU
M+1304 D3.10",,,,,,,,,,,
524,,,191.1.1.2,,,,0,,00:30:E6:02:4B:9E,,2005.02.407,"reseau hors CHU
M+1304 D3.09",,,,,,,,,,,
525,,,191.1.1.253,,,,0,,00:06:29:3B:73:57,,2006.04.149,"reseau hors CHU
M+1304 C4.10",,,,,,,,,,,
526,,DX,10.208.37.123,,,DF5000,4010,,00:21:5a:19:bc:8a,,,"log : insite
mdp : 2getin",,,,,,,,,,,
527,,,172.16.65.48,255.255.255.0,,automate,0,27438,E0:DC:A0:E8:B0:80,,2018-00169,"automate
ping dans le VLAN ANIOS

nouvelle à intégrer 
1/12/2021   13
new n° serie : 
new inventaire :",,,,,,,,,,,
528,,,172.16.65.49,255.255.255.0,,ecran,0,27438,AC:64:17:D5:34:BA,27438,,"pc facade

anciennemac : 28:63:36:CF:79:67
old inv : 2018-00169
1/12/2021   13
",,,,,,,,,,,
529,,,172.16.236.11,255.255.255.0,,CANON1,104,stephanix001,00-0E-8E-78-E6-B9,G-79093,2018-03682,"Mobile 1 - WIFI
wifistephanix001   login WIFI
Las.....007!",,,,,,,,,,,
530,,,172.16.167.11,255.255.255.0,,CANON1,104,Stephanix001,00-04-5F-07-F0-FE,G-79093,2018-03682,Mobile 1 - FILAIRE,,,,,,,,,,,
531,,,172.16.236.12,255.255.255.0,,CANON2,104,stephanix002,00-0E-8E-78-E6-A3,G-79092,2018-03689,"Mobile 2 - WIFI
wifistephanix001   login WIFI
Las.....007!",,,,,,,,,,,
532,,,172.16.167.12,255.255.255.0,,CANON2,104,stephanix002,00-04-5F-07-F0-E8,G-79092,2018-03689,Mobile 2 - FILAIRE,,,,,,,,,,,
533,,,172.16.236.14,255.255.255.0,,CANON4,104,stephanix004,34:F6:4B:08:75:69,,2018-03703,"PC Portable - WIFI
wifistephanix004   login WIFI
Las.....007!",,,,,,,,,,,
534,,,172.16.236.13,255.255.255.0,,CANON3,104,stephanix003,00-0E-8E-78-E6-8F,G-79073,2018-03696,"mobile 3 - WIFI
wifistephanix001   login WIFI
Las.....007!",,,,,,,,,,,
535,,,172.16.167.13,255.255.255.0,,CANON3,104,Stephanix003,00-04-5F-07-F0-06,G-79073,2018-03696,Mobile 3 - FILAIRE,,,,,,,,,,,
536,,,172.16.167.14,255.255.255.0,,CANON4,104,Stephanix004,A8-13-74-C3-53-9E,,2018-03703,PC Portable - FILAIRE,,,,,,,,,,,
537,,,10.208.37.124,255.255.255.0,,,0,SPZ17460035SA,00:0B:AB:DE:C4:07,,2018-00958,,,,,,,,,,,,
538,,,10.208.37.125,255.255.255.0,,,0,SSF23060017SA,C4:00:AD:DD:16:83,,2023-03599,old : 00:00:50:42:3A:57   SCF08413752SA,,,,,,,,,,,
539,,,10.208.37.126,,,,0,,,,,"Bureau Pascal Bailly sur prise:
device ID :  HS-S3-TEP-G1  
port ID      :  FastEthernet 3/0/22",,,,,,,,,,,
540,,US,10.208.37.127,255.255.255.0,,IML1111,104,,00:20:CE:FF:43:65,,2018--04985,"remplace le HD11 le 20/11/18   13
en cours d' installation
",,,,,,,,,,,
541,,,172.16.163.10,255.255.255.0,,,0,QUANTEL-PC,D4:AE:52:BB:67:C3,,2012.08.276/00,,,,,,,,,,,,
542,,,10.208.37.128,255.255.255.0,,tempo Dr SLAMA,0,,00:15:60:a2:19:f7,ECHOPAC7- 002485,2006.11.080,"temporaire pour D
recup patients vieil ECHOPAC Dr Slama",,,,,,,,,,,
543,,,172.16.216.10,255.255.255.0,,,0,,4C:52:62:0E:61:F7,38mmccxhub172,,"Therapixel module3  salle 8  
Fluid Client     38mmccxhub172      therapixel172/therapixel172",,,,,,,,,,,
544,,,172.16.216.12,255.255.255.0,,,0,,4C:52:62:10:16:CD,38mmccxhub173,,"Therapixel module3  salle 3 
Fluid Client     38mmccxhub1733     therapixel173/therapixel173",,,,,,,,,,,
545,,,172.16.216.11,255.255.255.0,,,0,,90:1B:0E:FC:5E:4F,38mmccxhub172,,"Therapixel module3  salle 8  
Fluid Client     38mmccxhub172      therapixel172/therapixel172",,,,,,,,,,,
546,,,172.16.216.13,255.255.255.0,,,0,,4C:52:62:0E:62:EB,38mmccxhub173,,"Therapixel module3  salle 3 
Fluid Client     38mmccxhub1733     therapixel173/therapixel173",,,,,,,,,,,
547,,,10.208.37.129,255.255.255.0,,AWRB6,4006,AWRB6,,M4160079,2006.10.2017/01,rien a faire sur le PACS CHU,,,,,,,,,,,
548,,,10.208.37.130,255.255.255.0,,OEC_9800A,0,,00:40:C7:9A:3D:0A,,,mobile bloc !!!,,,,,,,,,,,
549,,,10.208.37.131,255.255.255.0,,OEC_9800B,0,,00:90:FB:82:31:16,,,,,,,,,,,,,,
550,,,10.208.37.132,255.255.255.0,,VIVID_S6-008644,0,VIVID_S6-008644,00:E0:4B:4F:42:06,UM88634205,2015-04593,VIVID S6  USIC,,,,,,,,,,,
551,,,10.249.0.10,,,MYRIANCHUAMIENS,0,,BC:AE:C5:D7:A2:BC,,,petite salle interpretation,,,,,,,,,,,
552,,,172.16.213.24,255.255.255.0,,PC TECH,0,,8C:8C:AA:CB:97:D6,,,"pc tech Mr Mille Guillaume
",,,,,,,,,,,
553,,,172.19.27.10,THERAPIXEL,,THERAPIXEL,104,PRECOG,,,,"Serveur physique linux salle serveur DSN
PRECOG	172.19.27.10				Serveur application THERAPIXEL pour bloc neurochir	Neurochir					HP	HP ProLiant DL380 G10	CZ28500BNJ	PHYSIQUE	Linux CentOS	VOLT	Baie 312	24/01/2019 14:22	ACTIF
",,,,,,,,,,,
554,,,10.208.37.133,255.255.255.0,,URO_S8_1,0,LS81811026S4,00:13:95:2E:06:3F,UM88634211,2019-01233,,,,,,,,,,,,
555,,,10.251.111.11,255.255.255.0,,AMIENS-URGENCE,0,G1002436,00:23:AE:96:DF:B8,,2010.02.436,"
console TSI  AVC",,,,,,,,,,,
556,,,172.16.213.24,,,BOL1151,104,,00:30:D6:1D:A8:4B,,,module 1,,,,,,,,,,,
557,,,172.16.213.25,,,BOA2071,104,,00:30:D6:1C:7D:25,,2018-05798,module 3,,,,,,,,,,,
558,,,172.16.239.11,,,BOL1151,0,,84:25:3F:30:89:6F,,2018-05789,"module 1
",,,,,,,,,,,
559,,,172.16.239.13,,,BOA2071,0,,84:25:3F:30:89:1C,,2018-05798,"module 3
",,,,,,,,,,,
560,,,10.208.36.80,,,REACTV2,0,,28:B9:D9:0E:DF:F7,73587346,2017-05348,,,,,,,,,,,,
561,,,10.208.36.81,,,BLOCCARD1,0,,00:00:50:BA:32:E2,60737693,2013-59342,,,,,,,,,,,,
562,,US,10.208.36.82,255.255.255.0,,REACTVR1,0,,28:B9:D9:E0:00:CE,75633518,2018-01332,,,,,,,,,,,,
563,,,172.16.62.52,255.255.255.0,,MOBILE 3-4 ?,0,RECAN,00:07:32:1C:48:8A,,2011.09.038,,,,,,,,,,,,
564,,,10.208.36.83,255.255.255.0,,EPIQRI,104,,00:04:5F:71:ED:8E,,,SN : US619C1341,,,,,,,,,,,
565,,,172.16.213.15,,,,0,255.255.255.0,,,,"CX50 REA PED

aeffacer",,,,,,,,,,,
566,,,1.1.1.2,,,,0,,54:BF:64:68:E2:12,,,vicon nexus   BIOMETRICS,,,,,,,,,,,
567,,,10.208.37.134,255.255.255.0,,URO_S8_2,104,,00:13:95:32:D7:58,,,,,,,,,,,,,,
568,,,10.208.36.84,255.255.255.0,,,0,,,,,,,,,,,,,,,,
569,,,172.16.62.53,255.255.255.0,,mobile3 dernier,0,G1801767,6C:4B:90:3A:DC:55,,g1801767,"mobile3
ok le 25/05/2022   13",,,,,,,,,,,
570,,,172.16.167.15,255.255.255.0,,IMA0035,104,HOLOGIC-09C225S,AC:1F:6B:F6:5A:7D,,,AC:1F:6B:B4:EB:F7 ancienne mac 9/6/2020,,,,,,,,,,,
571,,,172.16.167.16,255.255.255.0,,IMA0045C,104,,00:4E:01:A6:B9:CD,,2019-05829,"console MEDECOM

ancienne mac : 30:D0:42:E4:64:99  29/10/2021

vlan SIA MEDICAL",,,,,,,,,,,
572,,,172.16.217.10,255.255.255.0,,,0,,00:60:EF:2E:12:81,6-0752 (ISA1),2019-05748,"ISA1

acces VNC  
Cantel135",,,,,,,,,,,
573,,,172.16.217.11,255.255.255.0,,,0,,00:60:EF:34:FD:28,6-0753 (ISA2),2019-05750,"ISA2

acces VNC  
Cantel135",,,,,,,,,,,
574,,,172.16.213.25,255.255.255.0,,PC TECH,0,,F8:75:A4:1E:48:36,,,"pc tech philips Benoit Vancauwenberghe


10:62:E5:9C:75:07  ancien",,,,,,,,,,,
575,,,172.16.217.12,255.255.255.0,,,0,,00:60:EF:2F:38:F9,6-0807 (ISA3),2019-06170,"ISA3

acces VNC  
Cantel135",,,,,,,,,,,
576,,,172.16.217.13,255.255.255.0,,,0,,00:60:EF:2F:38:FA,6-0808 (ISA4),2019-06171,"ISA4

acces VNC  
Cantel135",,,,,,,,,,,
577,,,10.251.111.12,255.255.255.0,,MYCONS01,5679,B1414079,44:39:C4:50:E2:18,,2014-14079,"N° de série , ""CIW3-GIEM-LLAC-CCMN-XEI4-TPPZ""
Clé d'activation , ""4Z3E:1338:A62D:B5BZ:1646:1A56""",,,,,,,,,,,
578,,,10.251.111.13,255.255.255.0,,MYCONS02,5679,B1414084,44:39:C4:50:E2:1B,,2014-14084,"N° de série , ""CIW3-GIEM-LLAC-YCMN-XEI4-TPPZ""
Clé d'activation , ""4Z3E:1338:A67D:B5BZ:1646:1A56""",,,,,,,,,,,
579,,,10.251.111.14,255.255.255.0,,MYCONS03,5679,B1415443,44:39:C4:52:88:86,,2014-15443,"N° de série , ""CIW3-GIEM-LLAC-WCMN-XEI4-TPPZ""
Clé d'activation , ""4Z3E :1338 :26A7 :B5BZ :1696 :1A58""

COMEDIE
 https://comedie.sn-hdf.fr

ancienne mac : 44:39:C4:52:89:8E   B1415444  8/10/21  13
",,,,,,,,,,,
580,,,10.251.111.15,255.255.255.0,,MYCONS04,5679,B1414076,44:39:C4:50:E1:43,,2014-14076,"N° de série , ""CIW3-GIEM-LLAC-ZCMN-XEI4-TPPZ""
Clé d'activation , ""4Z3E:1338:A6CZ:B5BZ:16F6:1A56""",,,,,,,,,,,
581,,,10.251.111.16,255.255.255.0,,MYCONS05  TELE AVC 2,5679,AMIENS-URGENCE,64:00:6A:84:C4:BF,,2016-07001,vlan  PICAS_SIGM_NEUR,,,,,,,,,,,
582,,,10.208.37.135,,,,0,,00:20:CE:FF:53:D8,210790S70N,2019-06128,,,,,,,,,,,,
583,,,10.208.36.85,255.255.255.0,,CEO1004,104,,28:B9:D9:E1:83:4E,60737690,,"REA NEONAT 
ancienne :  28:B9:D9:E1:9A:8D  22/01/2020   13 (date au 30.01.2020)
ancienne :  00:00:50:AE:59:69  22/01/2020   13
",,,,,,,,,,,
584,,,10.208.40.24,255.255.255.0,,SEQUOIA_DERMATO,104,,00:13:95:33:DF:56,,,,,,,,,,,,,,
585,,,172.16.213.156,255.255.255.0,,,0,,10:E7:C6:39:08:47,,,"
PC GuideXT de Prêt pour Dr LEFRANC
17/02/2020",,,,,,,,,,,
586,,,172.16.213.20,,,NOTE20_ROMU,0,localhost,00:e0:4c:41:c6:bd,,,NOTE20_Romu,,,,,,,,,,,
587,,,172.16.167.12,255.255.255.0,,,104,,74:fe:48:463a:c3,,,"74:FE:48:34:FD:BA   14/12/2020   13
a bverifier...",,,,,,,,,,,
588,,,172.16.167.12,255.255.255.0,,,8014,,74:fe:48:463a:c3,,,74:FE:48:34:FD:BA     14/12/2020     13,,,,,,,,,,,
589,,,172.16.62.54,255.255.255.0,,,0,B1604357,64:00:6A:7D:B7:CE,,2016-04357,remplace le portable  04/05/2020   13,,,,,,,,,,,
590,,,10.251.111.16,,,MYCONS05,5679,,,,,"N° de série , ""CIW3-GIEM-LLAC-FCMN-XEI4-TPPZ""
Clé d'activation , ""4Z3E:1328:568F:66BC:16B6:166Z""

COMEDIE 
 https://comedie.sn-hdf.fr   au 11/03/2021",,,,,,,,,,,
591,,,10.208.37.136,,,,0,,,,,,,,,,,,,,,,
592,,,172.16.47.17,255.255.255.0,,IQSERVER2,104,planning-PC,28:F1:0E:17:AF:9D,,,station planning  03/07/2020,,,,,,,,,,,
593,,,172.16.90.107,255.255.255.0,,,0,,00:0B:AB:91:F5:36,S/N : 200037 stellant,,"Stellant 200037
ajouter les DNS pour les injecteurs",,,,,,,,,,,
594,,US,10.208.40.25,255.255.255.0,,CEA0058,104,US2015,00:13:95:38:3D:8D,U040515,2020-05392,med vasculaire,,,,,,,,,,,
595,,US,10.208.36.86,255.255.255.0,,HD11N1,104,,00:19:d1:9f:76:07,15868981,2006.02.375,,,,,,,,,,,,
596,,,172.16.158.10,255.255.255.0,,SYNEIKAONE,22223,,78:D0:04:29:CA:F3,,,,,,,,,,,,,,
597,,,10.208.40.26,255.255.255.0,,SCANNER_RT,104,,4C:52:62:AD:36:2D,S040463,2020-06337,,,,,,,,,,,,
598,,,10.208.40.27,255.255.255.0,,SYNGOVIA_RT,104,,94:40:c9:12:b8:c4,,,,,,,,,,,,,,
599,,,10.208.40.28,255.255.255.0,,serveur_2  ILO,0,,94:40:c9:12:b8:c6,,,,,,,,,,,,,,
600,,,10.208.40.29,255.255.255.0,,posteclient,104,,9C:7B:EF:4B:D9:F9,,,,,,,,,,,,,,
601,,,10.208.40.30,255.255.255.0,,laser LAP,0,,70:2F:97:00:8F:A4,,,les données sont envoyées depuis le serveur RT sur la ressource partagée  \\10.208.40.30\lap,,,,,,,,,,,
602,,,172.16.157.11,255.255.255.0,,,0,B2008267,A4:BB:6D:C0:41:FD,,2020-08267,,,,,,,,,,,,
603,,,172.16.157.12,255.255.255.0,,,0,B2008271,A4:BB:6D:AF:F0:CE,,2020-08271,,,,,,,,,,,,
604,,,172.16.213.28,255.255.25.0,,,0,,,,,23/11/2020   13,,,,,,,,,,,
605,,,10.208.37.137,255.255.255.0,,CEF1091,0,VS6002970,00:13:95:2E:F2:FF,US26011115,2019-04390,"
G1604869   IP:  10.32.5.20
le15/6/2023   Romu  suite à changement de PC à la va vite par la DSN !

(ancien: G1601041)",,,,,,,,,,,
606,,,10.208.37.138,255.255.255.0,,BOB1011,104,,00:01:2e:a3:c7:a8,VPXS01426,2022-03815,"G2002599

old mac : 00:13:95:0F:44:F9  09/06/2022   13
old inv : 2013-63352
old systeme : US88634219",,,,,,,,,,,
607,,,10.208.37.139,255.255.255.0,,BOB1008,0,,00:01:2E:A5:BB:39,FRULS21735542,2023-04452,"G2002539

old config   24/05/2023  Romu:
00:13:95:18:7F:DE
2015-04964
ECHO VOLUSON S6
US88634220",,,,,,,,,,,
608,,,10.208.37.140,255.255.255.0,,BOB1010,0,,00:13:95:0F:6B:48,US88634218,2013-63356,"G2002584
!! AET A CHANGER !! L'echo n'est plus en gyneco urgence - le  21/06/21",,,,,,,,,,,
609,,,172.16.62.55,255.255.255.0,,OK le 25/10/2022  Romu,0,B2008039,8C:04:BA:A4:94:D6,,2020-08039,,,,,,,,,,,,
610,,,10.208.37.141,255.255.255.0,,,0,,74:FE:48:4D:F1:54,,,IRM 4,,,,,,,,,,,
611,,,172.16.159.10,255.255.255.0,,,0,FotoFinder-PC,B4:2E:99:B6:F2:D5,,2020-03674,,,,,,,,,,,,
612,,US,172.16.218.10,255.255.255.0,,IMA0083,104,,D4:5D:64:40:7F:E6,,,00:60:0A:08:64:DF  a virer à partir du 01/03/2021,,,,,,,,,,,
613,,,172.16.62.101,255.255.255.0,,ILEX,0,ILEX,,,,serveur pour NATUS EMG  EFSN ADULTE,,,,,,,,,,,
614,,,0.0.0.0,,,OK le 24/10/2022  Romu,0,B2007718,94:C6:91:85:E0:2D,,2020-07718,,,,,,,,,,,,
615,,,0.0.0.0,,,OK le 24/10/2022  Romu,0,B2007719,6C:4B:90:E6:13:F6,,2020-07719,,,,,,,,,,,,
616,,,172.16.238.13,255.255.255.0,,WIFI PHILIPS,0,,,,,,,,,,,,,,,,
617,,,10.208.37.142,255.255.255.0,,IML1083,4006,,A4:BB:6D:B1:75:0B,S41600164,,IRM4   sigma3t premier étage,,,,,,,,,,,
618,,,10.208.37.143,255.255.255.0,,IML1083A,4006,,80:E8:2C:CB:F3:17,S41600166,,ADW 4.7,,,,,,,,,,,
619,,,10.208.37.144,255.255.255.0,,IML1121E,4006,,9C:7B:EF:59:54:F7,,,CONSOLE GE   CMR42  4DFLOW,,,,,,,,,,,
620,,,172.16.46.19,255.255.255.0,,,0,MEDTRON-7L9U8SI,D4:81:D7:F8:AE:B5,,2018-00993,"EFSN PED PES BLOC NIM ECLIPSE 
TIGHTVNC installé",,,,,,,,,,,
621,,,172.16.213.11,,,,0,,00:21:70:EE:97:BC,,2009.09.3xx,PC developpement Linux à Loic Degrugillier,,,,,,,,,,,
622,,,172.16.156.10,255.255.255.0,,PLANET,4000,planet-chu-amiens,2C:EA:7F:48:3E:6E,,2021-01152,"logiciel PLANET
vnc mdp Dosisoft",,,,,,,,,,,
623,,,172.16.213.160,255.255.255.0,,,0,,88:3F:4A:1F:7B:AE,,2021-00955,"Communique avec PC G1507004 (ip fixe : 10.55.5.53, MAC : 90:FB:A6:83:A1:57) situé HGO+2341, qui fait office de serveur
dans C:\SECA",,,,,,,,,,,
624,,US,172.31.52.41,255.255.255.0,,AIXPLORER1,0,,74:FE:48:50:3A:8A,,,,,,,,,,,,,,
625,,US,172.16.67.13,255.255.255.0,,IMA0085A,11112,,74:FE:48:50:3A:8A,,,,,,,,,,,,,,
626,,,172.16.57.13,255.255.255.0,,,0,B2101432,74:FE:48:59:38:34,,2021-01432,mes:20/04/2021,,,,,,,,,,,
627,,,172.16.213.162,,,,0,,00:09:5C:07:E7:98,,,,,,,,,,,,,,
628,,,172.16.213.161,,,,0,,00:09:5C:07:EC:CC,,,,,,,,,,,,,,
629,,US,172.16.218.11,255.255.255.0,,,104,,D4:5D:64:41:14:E4,TUS-AI800/5L   LB20Z2129,2021-02660,,,,,,,,,,,,
630,,,172.16.60.20,255.255.255.0,,,0,,00:04:5f:77:20:10,,,,,,,,,,,,,,
631,,,10.208.37.145,255.255.255.0,,OECONE2021,1004,,74:FE:48:59:B9:66,,,+ DACS,,,,,,,,,,,
632,,,172.16.210.12,255.255.255.0,,,0,PC spectro IR  FTIR-8400,00:14:22:4E:00:07,,,,,,,,,,,,,,
633,,,172.16.213.13,255.255.255.0,,,0,G1601153x,78:2B:CB:9C:2F:71,,,PC test Romuald,,,,,,,,,,,
634,,,10.208.37.146,255.255.255.0,,CEF0031,0,,C4:00:AD:71:70:1C,US88634228,2021-03733,,,,,,,,,,,,
635,,,10.208.37.147,255.255.255.0,,BOB1010,0,,00:01:2E:A0:E2:AC,,2021-03714,,,,,,,,,,,,
636,,,172.16.167.18,255.255.255.0,,ORTHANC,104,saroumane,00:50:56:AD:F1:AC,,,VM,,,,,,,,,,,
637,,,172.16.51.16,255.255.255.0,,compte 1981boxcons1,0,B1422734,34:17:eb:d8:87:35,,,"
",,,,,,,,,,,
638,,,10.208.37.148,255.255.255.0,,RHUMATO1,4006,,,,2021-06764,"en attente de le mettre sur le reseau.
",,,,,,,,,,,
639,,,10.145.5.30,,,ARTIVIEW,0, G1602754,,,,PC ARTIVIEW  société   AQUILAB,,,,,,,,,,,
640,,,10.145.5.15,,,FILM QA PRO,0,G1802793,,,,"application "" FilmQa Pro "" fournie par Meditest
identifiant : chu\delta4",,,,,,,,,,,
641,,,10.208.40.31,255.255.255.0,,,104,,00:40:DC:02:02:35,,,,,,,,,,,,,,
642,,,10.208.37.149,255.255.255.0,,,4006,,68:05:CA:2B:C1:AA,,,bureau a coté de celui de Pascal Bailly,,,,,,,,,,,
643,,,0.0.0.0,,,,0,G2008415,,,,12/10/2021  13,,,,,,,,,,,
644,,,0.0.0.0,,,,0,G1505521,,,,,,,,,,,,,,,
645,,,0.0.0.0,,,,0,G1803356,,,,,,,,,,,,,,,
646,,,0.0.0.0,,,,0,G1400162,,,,,,,,,,,,,,,
647,,,0.0.0.0,,,,0,G1509532,,,,,,,,,,,,,,,
648,,,10.208.36.87,255.255.255.0,,CEO1004A,104,,00:90:FB:71:68:A8,93620766,2021-07628,,,,,,,,,,,,
649,,,172.16.238.22,255.255.255.0,,CEO1004A,104,,C4:41:1E:B4:48:4F,93620766,2021-07628,WIFI Echographe CX50 CE01004A Rea Neonat,,,,,,,,,,,
650,,,10.208.37.150,,,IMA0037,0,,63:05:CA:E8:82:3F,,2022-00011,,,,,,,,,,,,
651,,,10.208.37.151,255.255.255.0,,SENOCONNECT,0,,9C:7B:EF:50:A4:13,6259811,,,,,,,,,,,,,
652,,,10.208.37.152,255.255.255.0,,IMA0045IRIS1,104,,00:68:EB:C1:A3:50,6259809,,,,,,,,,,,,,
653,,,10.208.37.153,255.255.255.0,,IMA0045IRIS2,104,,00:68:EB:AE:8B:AF,,,,,,,,,,,,,,
654,,,10.208.37.154,255.255.255.0,,REVIEW,104,,84:A9:3E:8C:BC:BA,6259810,,,,,,,,,,,,,
655,,,172.16.213.163,,,,0,,,,,,,,,,,,,,,,
656,,,172.16.213.14,,,OLIMEX2,0,,,,,OMILEX LOIC,,,,,,,,,,,
657,,,172.16.213.16,,,PC FIXE LINUX GUILLAUME,0,,D4:BE:D9:C1:37:59,,,,,,,,,,,,,,
658,,US,10.208.37.155,255.255.255.0,,REANEOS60,0,VIVIDS60-210253,00:20:CE:FF:4F:3C,US26011117,2019-04844,en cours de mise sur le réseau  16/03/2022   13,,,,,,,,,,,
659,,,172.16.213.30,,,OLIMEX3,0,,E8:9F:6D:D0:EE:C7,,,,,,,,,,,,,,
660,,,172.16.213.31,255.255.255.0,,HS--- OLIMEX4---HS,0,,E8:9F:6D:D0:ED:DB,,,en cours d' install. réservation,,,,,,,,,,,
661,,,172.16.213.32,255.255.255.0,,OLIMEX5,0,,84:CC:A8:11:B9:C7,,,en cours d' install. réservation,,,,,,,,,,,
662,,,172.16.213.33,,,OLIMEX6,0,,,,,en cours d' install. réservation,,,,,,,,,,,
663,,,172.16.213.34,,,OLIMEX7,0,,,,,en cours d' install. réservation,,,,,,,,,,,
664,,,10.208.36.88,255.255.255.0,,DIDIC50_1,104,,74:FE:48:60:11:86,,,,,,,,,,,,,,
665,,,10.208.36.89,,,monitorage oncologie,0,,00:50:56:AD:56:52,,,serveur monitorage oncologie  juin 2022   13,,,,,,,,,,,
666,,,10.208.36.90,,,monitorage oncologie,0,,C0:14:FE:7F:11:2F,,,,,,,,,,,,,,
667,,,10.208.36.91,,,monitorage oncologie,0,,00:20:4A:E8:B3:02,,,,,,,,,,,,,,
668,,,10.208.36.92,,,monitorage oncologie,0,,00:80:A3:BB:D4:96,,,,,,,,,,,,,,
669,,,10.208.36.93,,,monitorage oncologie,0,,00:80:A3:BB:D4:AC,,,,,,,,,,,,,,
670,,,10.208.36.94,,,monitorage oncologie,0,,00:80:A3:C4:9D:77,,,,,,,,,,,,,,
671,,,10.208.37.156,255.255.255.0,,aws1,0,,5C:BA:2C:08:59:18,s4160092,,"AWS Medecine nucleaire

serveur temporaire qui va remplacer ""aws""
",,,,,,,,,,,
672,,,10.208.37.157,255.255.255.0,,aws ilo,0,,B4:7A:F1:C5:7C:2C,,,"va de pair avec le serveur ADWS en 10.208.37.49
entrée service ( ILO )",,,,,,,,,,,
673,,,10.35.5.239,,,ECHOPAC REA,0,B2006554,2c:f0:5d:1a:6d:a5,,2020-06554," echopac REA    10.208.37.158   anciennement dans VLAN GE
Bureau Dr Maizel",,,,,,,,,,,
674,,,172.16.213.158,,,,0,,00:01:29:98:fa:bb,,,test STORZ colonne video,,,,,,,,,,,
675,,,10.208.36.95,,,monitorage oncologie,0,,6C:02:E0:60:23:2B,,,,,,,,,,,,,,
676,,,10.208.36.96,,,monitorage USIC,0,,,,,,,,,,,,,,,,
677,,,10.208.36.97,,,monitorage USIC,0,,00:40:9D:CE:25:8C,,,,,,,,,,,,,,
678,,,10.208.36.98,,,monitorage USIC,0,,C8:D9:D2:35:48:34,,,,,,,,,,,,,,
679,,,10.208.36.99,,,monitorage oncologie,0,,,,,2c:d0:2d:bd:30:64,,,,,,,,,,,
680,,,10.208.36.100,,,monitorage oncologie,0,,2C:D0:2D:BD:30:64,,,,,,,,,,,,,,
681,,,10.208.36.102,255.255.255.0,,monitorage oncologie,0,,00:40:9D:B6:21:33,,,,,,,,,,,,,,
682,,,10.208.36.103,255.255.255.0,,monitorage cardiologie,0,,64:51:06:54:26:72,,,Cardio Rythmo-Stimu,,,,,,,,,,,
683,,,10.208.36.105,255.255.255.0,,monitorage cardiologie,0,,F0:92:1C:F3:50:DE,,,Cardio HCC,,,,,,,,,,,
684,,,10.208.36.104,255.255.255.0,,monitorage cardiologie,0,,10:E7:C6:1A:50:01,,,Cardio HDS,,,,,,,,,,,
685,,,10.208.36.101,255.255.255.0,,Firewall Cardiologie,0,,34:ED:1B:34:13:B1,,,ancienne mac : 28:8A:1C:99:9C:00  modif le 14/09/22  Romu,,,,,,,,,,,
686,,,172.16.213.40,,,nas romu,0,,,,,nas romu,,,,,,,,,,,
687,,,10.251.111.15,255.255.255.0,,MYCONS04  TELERADIO 2,5679,B1414076,44:39:C4:50:E1:43,,2014-14076,vlan  PICAS_SIGM_NEUR,,,,,,,,,,,
688,,,10.251.111.14,255.255.255.0,,MYCONS03  TELE AVC 1,5679,B1415443,44:39:C4:52:89:8E,,2014-15443,vlan  PICAS_SIGM_NEUR,,,,,,,,,,,
689,,,10.251.111.13,255.255.255.0,,MYCONS02  TELERADIO 1,5679,B1414084,44:39:C4:50:E2:1B,,2014-14084,vlan  PICAS_SIGM_NEUR,,,,,,,,,,,
690,,,10.251.111.12,255.255.255.0,,MYCONS01 TELE EXP. NEUROCHIR 4,5679,B1414079,44:39:C4:50:E2:18,,2014-14079,vlan  PICAS_SIGM_NEUR,,,,,,,,,,,
691,,DX,10.208.40.32,255.255.255.0,,YSIO_0264,104,,3C:EC:EF:99:5A:36,,,remplacement du pc par la societe : ancienne mac au 29/09/2023 : 3C:EC:EF:8E:20:A0,,,,,,,,,,,
692,,,172.16.154.249,255.255.255.0,,FDRNANO2529,104,,00:04:5F:7A:4F:DE,46879693,2022-08703,"Sn : 17152529
1C:BF:CE:81:4F:97 - wifi",,,,,,,,,,,
693,,,10.208.37.159,255.255.255.0,,ASCEND1989,4006,,80:e8:2c:e5:22:83,7401989,,,,,,,,,,,,,
694,,,10.208.37.160,255.255.255.0,,,0,SMN14300034SA,00:E0:F4:2B:55:A5,,2014-19705,Pas dans le domaine / Win7 Edition integrale WORKGROUP,,,,,,,,,,,
695,,,172.16.51.18,255.255.255.0,,,0,VY90022043,E4:54:E8:D0:7B:6C,,2021-02031,,,,,,,,,,,,
696,,,10.208.37.250,255.255.255.0,,GINKGO_217,11112,,00:E0:4C:41:C6:BD,,,,,,,,,,,,,,
697,,,10.208.37.251,255.255.255.0,,PC ROMU LINUX,0,g1601153x,00:90:27:E4:A6:0E,,,,,,,,,,,,,,
698,,,172.16.154.247,,,FDRNANO2529,104,,1C:BF:CE:81:4F:97,,2022-08703,,,,,,,,,,,,
699,,,10.208.37.161,255.255.255.0,,D870DR_8HM2_A,4006,,50:81:40:2E:9E:6D,7500469,,"PC du scanner CT540 de la GAMMA CAMERA D870DR
SN: 734798HM2",,,,,,,,,,,
700,,,10.208.37.162,255.255.255.0,,D870DR_8HM2_B,4006,,48:9E:BD:A3:B8:C1,7500469,,"SN: 734798H
nouvelle gamma camera installée en octobre / novembre",,,,,,,,,,,
701,,,10.208.37.163,255.255.255.0,,D870DR_8HM2_C,4006,,02:42:3F:50:83:37,7500469,,"PC de la smartconsole (console de reconstruction)
SN: 734798HM2
",,,,,,,,,,,
702,,,10.208.37.164,255.255.255.0,,XELERIS_BBC4,104,,80:E8:2C:E5:79:40,6828926,,SN: CZC201BBC4,,,,,,,,,,,
703,,,172.16.46.23,,,,0,,,,,,,,,,,,,,,,
704,,,10.208.36.106,255.255.255.0,,CX50RYTHMO5022,0,,00:90:FB:74:31:E5,91849953,2022-11527,seire : SG22105022,,,,,,,,,,,
705,,,10.208.36.107,255.255.255.0,,CX50URGPED0258,0,,00:90:FB:74:31:C2,93814451,2022-11537,serie : SGD2000258,,,,,,,,,,,
706,,,172.16.218.12,255.255.255.0,,i800_2071,104,,A0:36:BC:74:64:11,,2023-00029,,,,,,,,,,,,
707,,,172.16.153.10,255.255.255.0,,changer l' IP  svp,0,,,F0110093,,"actuellement 172.16.213.35
à mettre : 172.16.153.10",,,,,,,,,,,
708,,,10.208.40.33,255.255.255.0,,SYNGOVIA4093,104,SYNGOVIA134093,D4:F5:EF:8E:DE:B4,I043011,,n° de serie : 134093,,,,,,,,,,,
709,,,10.208.40.34,255.255.255.0,,ILO serveur med. nuc.,0,,5C:ED:8C:60:79:80,,,,,,,,,,,,,,
710,,,172.16.167.20,255.255.255.0,,,104,,00:68:EB:BD:3E:6A,,,,,,,,,,,,,,
711,,CT,10.208.37.166,255.255.255.0,,AWRB2,0,,80:E8:2C:C7:DC:CB,,,,,,,,,,,,,,
712,,,172.16.52.29,255.255.255.0,,,0,B2301472,84:A9:3E:6D:BB:9C,,,,,,,,,,,,,,
713,,,172.16.52.30,255.255.255.0,,,0,B2301473,84:A9:3E:69:5F:D9,,,,,,,,,,,,,,
714,,,10.208.37.167,255.255.255.0,,,0,,fa:16:3e:7d:af:42,,,scan urg en cours d'install,,,,,,,,,,,
715,,,10.208.37.168,255.255.255.0,,,0,,,,,scan urg en cours d'install,,,,,,,,,,,
716,,,10.208.37.169,255.255.255.0,,,0,,,,,scan urg en cours d'install,,,,,,,,,,,
717,,,10.208.37.170,255.255.255.0,,,0,,,,,scan urg en cours d'install,,,,,,,,,,,
718,,,10.208.37.171,255.255.255.0,,,0,,fa:16:3e:7c:bc:f1,,,scan urg en cours d'install,,,,,,,,,,,
719,,,10.208.37.172,255.255.255.0,,,0,,FA:16:3E:E7:08:BF,,,scan urg en cours d'install,,,,,,,,,,,
720,,,10.208.37.173,255.255.255.0,,,0,,,,,scan urg en cours d'install,,,,,,,,,,,
721,,,10.208.37.174,255.255.255.0,,,0,,,,,scan urg en cours d'install,,,,,,,,,,,
722,,,10.208.37.175,255.255.255.0,,,0,,,,,scan urg en cours d'install,,,,,,,,,,,
723,,,10.208.37.176,255.255.255.0,,,0,,FA:16:3E:F1:AE:BD,,,scan urg en cours d'install,,,,,,,,,,,
724,,,10.131.5.172,,,G1501562,4242,G1501562,,,,,,,,,,,,,,,
725,,,10.208.37.177,255.255.255.0,,VIVIDE95_5140,104,,00:20:CE:E8:6E:FB,,,,,,,,,,,,,,
726,,,172.16.153.11,255.255.255.0,,,0,,00:19:99:D4:32:A1,,,"mise en route le 02/05/2023
",,,,,,,,,,,
727,,,172.16.65.50,,,automate,0,27839,8C:F3:19:02:F7:46,,,,,,,,,,,,,,
728,,,172.16.65.51,,,ecran,0,27839,EC:1C:5D:20:98:82,,,,,,,,,,,,,,
729,,,172.16.65.52,,,automate,0,27766,8C:F3:19:02:F7:B6,,,,,,,,,,,,,,
730,,,172.16.65.53,,,ecran,0,27766,EC:1C:5D:1E:00:FC,,,,,,,,,,,,,,
731,,,172.16.152.10,255.255.255.0,,SURGIVISIO_00122,11114,,D8:58:D7:00:BE:6C,,,,,,,,,,,,,,
732,,,10.208.37.178,,,VOLUSONS6-0145,104,,00:13:95:1e:6e:20,,2016-02936,PC G2302838 ( ip : 10.226.37.225),,,,,,,,,,,
733,,,172.16.155.250,255.255.255.0,,,0,,54:B2:03:98:3D:AD,,,"SIMBIONIX
vlan : biomed_twin_medical",,,,,,,,,,,
734,,,172.16.155.251,255.255.255.0,,,0,,54:B2:03:94:32:B9,,,,,,,,,,,,,,
735,,,172.16.155.251,255.255.255.0,,,0,,,,2021-02484,,,,,,,,,,,,
736,,,172.16.155.252,,,,0,,00:25:AB:AE:9D:8E,,2021-00223,,,,,,,,,,,,
737,,,172.16.155.249,255.255.255.0,,,0,,C4:00:AD:18:B1:09,,2019-04391,,,,,,,,,,,,
738,,,172.16.155.248,255.255.255.0,,,0,,C4:00:AD:0F:11:79,,2019-04392,,,,,,,,,,,,
739,,,172.16.155.247,255.255.255.0,,,0,,BC:EE:7B:72:73:B1,,2014-21494,,,,,,,,,,,,
740,,,,,,,0,,,,,,,,,,,,,,,,
741,,,172.16.155.253,255.255.255.0,,,0,,70:85:C2:AE:69:B3,simulateur anatomage,,"Simulateur anatomage 
Twin_Medical",,,,,,,,,,,
742,,,10.208.40.35,255.255.255.0,,MCT_0059,104,,90:1B:0E:EA:E2:AA,,,"Mise en place : le 28/06/2023
numéro de serie : 60059
Store : 
- Hostname : SYNGOVIA
- AET : SYNGOVIA4093
- IP : 10.208.40.33
- Port : 104
",,,,,,,,,,,
743,,,172.16.213.9,TEST,,,0,TEST,00:00:00:00:00:01,,2023-99999,,,,,,,,,,,,
744,,,172.16.154.246,255.255.255.0,,ARIETTA850_4759,104,,00:90:FB:7A:A0:42,,,Numéro de série : G3194759,,,,,,,,,,,
745,,US,10.208.36.108,255.255.255.0,,CX50INTERV5047,0,,00:90:FB:79:DC:4E,104740806,2023-06170,,,,,,,,,,,,
746,,,172.16.65.54,,,automate,0,28323,8C:F3:19:74:A8:F0,,,,,,,,,,,,,,
747,,,172.16.65.55,,,ecran,0,28323,8C:F3:19:53:D3:63,,,,,,,,,,,,,,
748,,,172.16.65.56,,,automate,0,28669,8C:F3:19:78:1A:4C,,,,,,,,,,,,,,
749,,,172.16.65.57,,,ecran,0,28669,EC:1C:5D:38:9A:2C,,,,,,,,,,,,,,
750,,,172.16.64.28,255.255.255.0,,,104,,5C:62:5A:F4:08:F4,,,,,,,,,,,,,,
751,,,172.16.64.29,255.255.255.0,,,104,,5C:62:5A:F3:CE:50,,,,,,,,,,,,,,
752,,,172.16.64.34,255.255.255.0,,,104,,40:F8:DF:60:57:D3,,,,,,,,,,,,,,
753,,,172.16.64.3,,,,104,,5C:62:5A:F3:D0:09,,,,,,,,,,,,,,
754,,,,,,,0,,,,,,,,,,,,,,,,
755,,,172.16.64.37,255.255.255.0,,spare,0,,34:9F:7B:D2:3C:DA,,,spare,,,,,,,,,,,
756,,,10.208.37.179,255.255.255.0,,OEC_0065,0,,74:FE:48:7F:2B:C3,,,salle:  RXS INT IMPLANTOLOGIE,,,,,,,,,,,
757,,,10.208.40.36,255.255.255.0,,CIOSSELECT_0110,104,,,,,,,,,,,,,,,,
758,,,10.208.36.109,255.255.255.0,,TC50_47420,104,,00:09:5C:20:82:F9,,,00:17:23:4E:FE:21 : WIFI,,,,,,,,,,,
